,Lib,well,mutations,num_mutations,positions,foldchange_NBD_activity_25C,foldchange_ABTS_activity_25C,FC_NBD_1mM_purified,FC_ABTS_1mM_purified,FC_protein_yield,Foldchange_Unk_Area_Norm_Subtracted,Ketone%,Alcohol%,Total%
0,ET1.02.P1,F10,I64L,1,64,1.3412,1.4821,1.212,1.176,1.2,0.2135,,,
1,ET1.02.P1,F11,M70F,1,70,1.4333,1.5176,,,,0.0291,,,
2,ET1.17.P1,D8,M79L,1,79,1.6914,1.2471,,,,,,,
3,ET1.02.P1,G7,T87G,1,87,0.8673,1.9785,,,,1.268,0.34,2.04,2.38
4,ET1.07.P1,A4,A171L,1,171,2.3057,0.835,,,,,,,
5,ET1.02.P1,D4,A171F,1,171,2.0921,0.536,3.216,1.052,1.091,-0.0162,,,
6,ET1.07.P1,A12,A171V,1,171,1.9589,1.3878,,,,,,,
7,ET1.07.P1,D2,A171I,1,171,1.6013,2.2689,,,,,,,
8,ET1.12.P1,A3,L174F,1,174,0.6303,1.596,1.651,1.084,1.077,,,,
9,ET1.19.P1,F1,S182M,1,182,2.0187,0.9987,1.453,1.417,1.192,,,,
10,ET1.19.P1,A2,S182L,1,182,1.6066,1.4226,,,,,,,
11,ET1.19.P1,A1,S182C,1,182,1.3759,1.3464,,,,,,,
12,ET1.02.P1,D7,S182A,1,182,1.2622,1.0895,,,,0.0091,0.31,1.19,1.5
13,ET1.02.P1,H1,S182V,1,182,0.7076,2.2339,,,,1.3447,,,
14,ET1.02.P1,D10,H208D,1,208,1.8194,1.4408,1.038,0.911,1.5,0.243,0.31,1.54,1.85
15,ET1.02.P1,D12,Y212K,1,212,2.0095,2.2169,1.203,1.27,1.5,-414.5126,0.335,2.14,2.475
16,ET1.02.P1,D11,Y212T,1,212,1.4172,1.4844,1.138,1.152,2.05,0.4888,0.31,1.52,1.83
17,ET1.02.P1,F4,F220L,1,220,0.2726,1.8454,0.786,1.405,1.2,0.9004,,,
18,ET1.03.P2,G9,H143T+Y212K,2,"143, 212",1.7349,1.6775,,,,34.2567,0.3667,2.6867,3.05
19,ET1.22.P1,D4,H143Q+F220L,2,"143, 220",0.7504,3.0234,,,,-7.4298,,,
20,ET1.22.P1,D6,H143T+F220L,2,"143, 220",0.6202,2.0314,,,,-7.9761,,,
21,ET1.22.P1,D10,S182V+Y212K,2,"182, 212",2.1178,3.6061,,,,-4.4292,0.34,2.17,2.52
22,ET1.22.P1,D11,Y212K+F220L,2,"212, 220",1.4946,7.4286,0.828,1.491,1.714,-4.1893,0.31,2.05,2.35
23,ET1.22.P1,D12,S217P+F223L,2,"217, 223",1.5039,7.6697,1.132,2.453,1.577,-3.9647,0.31,1.77,2.08
24,ET1.22.P1,A4,S29P+F223L,2,"29, 223",1.5504,1.2779,,,,-4.0684,0.56,4.36,4.92
25,ET1.22.P1,A5,S29P+G57L,2,"29, 57",1.6248,2.1394,,,,-3.9723,0.48,3.52,4.0
26,ET1.22.P1,A7,S29P+T65K,2,"29, 65",1.6155,1.6195,1.23,1.404,1.524,-4.1489,0.53,3.37,3.9
27,ET1.22.P1,B3,L38M+Y212K,2,"38, 212",1.5132,2.383,,,,-6.0702,0.31,1.38,1.69
28,ET1.22.P1,B2,L38M+T67A,2,"38, 67",2.2574,4.7087,1.024,2.512,1.714,-4.9808,0.31,2.04,2.35
29,ET1.03.P1,G7,S61I+Y212K,2,"61, 212",1.3948,2.1214,,,,0.7601,,,
30,ET1.22.P1,B9,I64L+S182V,2,"64, 182",1.5225,2.0791,,,,-4.287,0.31,1.67,1.97
31,ET1.03.P4,C6,T65K+Q236L,2,"65, 236",1.7298,1.0,,,,0.7267,0.36,2.08,2.45
32,ET1.22.P1,F4,S29A+G57A+S214P,3,"29, 57, 214",1.662,1.4487,,,,0.5175,0.46,3.62,4.08
33,ET1.22.P1,F8,S29P+T65K+V138T,3,"29, 65, 138",1.662,1.4311,,,,0.0413,0.51,3.58,4.09
34,ET1.22.P1,G3,L38M+S182V+Y212K,3,"38, 182, 212",1.5225,9.684,1.901,3.523,1.615,-0.4398,,,
35,ET1.22.P1,G1,L38M+I64L+S182V,3,"38, 64, 182",1.0481,3.7091,,,,1.9538,,,
36,ET1.22.P1,G2,L38M+I64L+Y212K,3,"38, 64, 212",2.0806,2.9933,,,,1.1082,0.31,1.56,1.87
37,ET1.22.P1,G4,L38M+T67A+S182V,3,"38, 67, 182",1.169,4.4851,,,,-1.7405,,,
38,ET1.22.P1,G5,L38M+T67A+Y212K,3,"38, 67, 212",1.9132,3.5006,1.096,2.429,1.286,0.1063,0.31,1.66,1.97
39,ET1.03.P4,B6,S41A+Y212K+Q236L,3,"41, 212, 236",1.6198,1.027,,,,1.4549,1.0,5.99,6.99
40,ET1.03.P4,H6,S41A+S61F+Y212K,3,"41, 61, 212",2.6916,1.2296,0.792,0.579,1.182,2.1389,0.93,5.38,6.32
41,ET1.03.P1,A2,S41A+T65K+Y212K,3,"41, 65, 212",1.1268,0.8118,,,,0.8254,0.93,5.01,5.94
42,ET1.03.P4,D3,S41A+T88N+Y212K,3,"41, 88, 212",1.7389,1.2053,,,,2.6412,1.05,5.85,6.9
43,ET1.22.P1,G12,I64L+S182V+Y212K,3,"64, 182, 212",2.4806,3.468,1.356,2.234,1.864,6.6155,0.31,2.21,2.51
44,ET1.22.P1,H2,I64L+T67A+H143T,3,"64, 67, 143",1.8667,2.0339,1.218,2.54,1.476,2.706,0.35,2.57,2.91
45,ET1.22.P1,H1,I64L+T67A+F220L,3,"64, 67, 220",1.1132,2.6568,0.773,2.667,1.619,3.33,0.31,1.78,2.09
46,ET1.03.P1,B8,T65K+H143T+Y212K,3,"65, 143, 212",2.0865,1.9616,1.275,1.804,1.227,0.0956,0.36,2.14,2.5
47,ET1.03.P2,D2,T65K+Y212K+Q236L,3,"65, 212, 236",2.3661,2.0937,1.235,1.5625,1.011,-446.2669,0.505,3.565,4.07
48,ET1.03.P3,B9,T65K+T88N+Y212K,3,"65, 88, 212",1.964,2.1193,,,,1.0345,0.54,3.86,4.41
49,ET1.22.P1,H5,T67A+S182V+Y212K,3,"67, 182, 212",2.1085,5.1557,1.053,2.21,1.571,0.4708,0.36,2.57,2.94
50,ET1.22.P1,H6,M70F+S217P+F220L,3,"70, 217, 220",1.0202,3.4655,,,,-0.4192,,,
51,ET1.03.P4,G3,T88N+Y212K+Q236L,3,"88, 212, 236",1.6748,2.0117,1.058,1.247,1.0,2.0058,0.46,3.58,4.045
52,ET1.03.P4,H1,S41A+T65K+H143T+Y212K,4,"41, 65, 143, 212",1.8947,1.1972,,,,2.629,0.95,5.62,6.56
53,ET1.03.P4,A10,S41A+T65K+Y212K+Q236L,4,"41, 65, 212, 236",1.6198,0.9703,,,,1.3481,0.9,5.44,6.34
54,ET1.03.P4,C3,S41A+T65K+S75A+H143T,4,"41, 65, 75, 143",1.5878,0.8622,,,,0.5038,0.72,4.59,5.3
55,ET1.03.P1,B5,S41A+S75A+Y212K+Q236L,4,"41, 75, 212, 236",1.7014,1.1348,,,,2.3651,0.95,5.045,5.995
56,ET1.03.P3,G12,S41A+S75A+T88N+Y212K,4,"41, 75, 88, 212",2.482,1.1296,,,,4.8258,1.09,5.44,6.53
57,ET1.03.P1,C6,S61I+T65K+S75A+Y212K,4,"61, 65, 75, 212",1.585,1.275,,,,0.0705,0.31,1.54,1.85
58,ET1.03.P3,B12,S61I+T88N+H143T+Y212K,4,"61, 88, 143, 212",2.2662,1.0755,,,,0.0669,,,
59,ET1.03.P1,A8,S61I+T88N+Y212K+Q236L,4,"61, 88, 212, 236",1.1937,1.7374,,,,0.4512,0.31,1.72,2.03
60,ET1.03.P1,A4,T65K+S75A+H143T+Y212K,4,"65, 75, 143, 212",1.2744,1.1149,,,,1.6132,0.45,3.22,3.67
61,ET1.03.P2,A11,T65K+S75A+Y212K+Q236L,4,"65, 75, 212, 236",2.9025,3.2344,1.4555,2.013,1.166,-522.9835,0.525,3.17,3.695
62,ET1.03.P3,F1,T65K+S75A+T88N+Y212K,4,"65, 75, 88, 212",2.1555,2.0666,1.281,2.177,1.4165,2.1759,0.5033,3.64,4.1433
63,ET1.03.P4,G11,T65K+T88N+Y212K+Q236L,4,"65, 88, 212, 236",1.6473,2.1805,1.122,1.438,1.5,1.8915,0.45,3.13,3.58
64,ET1.03.P1,A5,S75A+H143T+Y212K+Q236L,4,"75, 143, 212, 236",1.4813,2.3088,,,,0.485,0.31,1.7,2.01
65,ET1.03.P1,C4,T88N+H143T+Y212K+Q236L,4,"88, 143, 212, 236",1.4623,1.7378,1.354,1.3,2.0,1.2875,0.3975,2.7875,3.1825
66,ET1.23.P6,C2,S29P+S41A+I64L+A171F+Y212K,5,"29, 41, 64, 171, 212",5.6144,1.1058,,,,,,,
67,ET1.24.P1,C2,S41A+I64L+T88N+A171F+Y212K,5,"41, 64, 88, 171, 212",8.44,1.884,,,,-20940.7384,,,
68,ET1.03.P1,C12,S41A+T65K+H143T+Y212K+Q236L,5,"41, 65, 143, 212, 236",1.7522,1.1741,0.982,0.73,1.375,0.9983,0.8133,4.4767,5.2933
69,ET1.03.P4,D8,S41A+T65K+S75A+H143T+Y212K,5,"41, 65, 75, 143, 212",2.1328,1.1972,,,,2.3518,1.14,6.8,7.94
70,ET1.03.P2,F12,S41A+T65K+T88N+H143T+Y212K,5,"41, 65, 88, 143, 212",2.0752,1.3901,0.924,0.812,2.0,657.3644,0.985,5.535,6.515
71,ET1.03.P1,B7,S41A+T65K+T88N+Y212K+Q236L,5,"41, 65, 88, 212, 236",3.072,1.212,0.833,1.31,1.4975,0.9819,0.81,4.02,4.82
72,ET1.23.P5,A11,S41A+T67A+H143T+A171F+Q236L,5,"41, 67, 143, 171, 236",1.7614,0.8308,,,,,,,
73,ET1.03.P1,G8,S41A+S75A+H143T+Y212K+Q236L,5,"41, 75, 143, 212, 236",1.17,0.8986,,,,1.3434,0.67,2.615,3.28
74,ET1.03.P1,D3,S61I+T65K+H143T+Y212K+Q236L,5,"61, 65, 143, 212, 236",1.5677,1.9708,,,,0.8147,0.36,2.17,2.54
75,ET1.03.P1,H10,T65K+S75A+H143T+Y212K+Q236L,5,"65, 75, 143, 212, 236",2.7608,3.0276,1.613,2.188,1.524,0.7185,0.43,2.82,3.25
76,ET1.03.P4,F10,T65K+S75A+T88N+H143T+Y212K,5,"65, 75, 88, 143, 212",1.8076,2.244,1.165,1.753,0.944,2.2038,0.495,3.675,4.165
77,ET1.03.P3,A11,T65K+S75A+T88N+Y212K+Q236L,5,"65, 75, 88, 212, 236",2.1475,2.0265,,,,0.8048,0.48,3.22,3.7
78,ET1.03.P4,F7,S75A+T88N+H143T+Y212K+Q236L,5,"75, 88, 143, 212, 236",1.4916,2.4129,,,,1.9705,0.49,3.11,3.6
79,ET1.23.P6,C11,S29P+S41A+G57A+I64L+A171F+Y212K,6,"29, 41, 57, 64, 171, 212",5.6791,1.1938,,,,,,,
80,ET1.23.P6,G9,S29P+S41A+T67A+T88N+A171F+Q236L,6,"29, 41, 67, 88, 171, 236",4.9155,0.8346,2.3,0.8,2.168,,0.67,3.65,4.33
81,ET1.23.P6,G1,S29P+I64L+T65K+A171F+S182M+Y212K,6,"29, 64, 65, 171, 182, 212",11.3085,3.9542,5.4,2.6,2.213,,,,
82,ET1.23.P5,A7,S29P+T88N+H143T+A171F+S182M+Y212K,6,"29, 88, 143, 171, 182, 212",2.7397,1.1207,,,,,,,
83,ET1.23.P5,C12,S41A+G57A+H143T+A171F+S182M+H208D,6,"41, 57, 143, 171, 182, 208",1.8242,0.6249,,,,,1.3,3.15,4.45
84,ET1.23.P6,C6,S41A+G57A+T65K+A171F+S182M+Q236L,6,"41, 57, 65, 171, 182, 236",4.6049,0.6889,1.5,0.6,0.181,,1.57,4.115,5.685
85,ET1.23.P5,A3,S41A+G57A+T67A+H143T+A171F+Y212K,6,"41, 57, 67, 143, 171, 212",2.2057,0.8068,,,,,1.04,4.76,5.8
86,ET1.03.P1,F10,S41A+T65K+T88N+H143T+Y212K+Q236L,6,"41, 65, 88, 143, 212, 236",2.0346,1.2427,,,,1.1505,0.93,4.92,5.84
87,ET1.23.P6,B10,G57A+I64L+T65K+H143T+A171F+H208D,6,"57, 64, 65, 143, 171, 208",5.7567,1.5567,,,,,,,
88,ET1.23.P5,A12,T65K+T67A+T88N+H143T+A171F+Q236L,6,"65, 67, 88, 143, 171, 236",2.0352,1.3661,,,,,,,
89,ET1.24.P1,E2,T65K+S75A+T88N+A171F+Y212K+Q236L,6,"65, 75, 88, 171, 212, 236",8.994,2.028,,,,,,,
90,ET1.23.P6,B3,T67A+T88N+H143T+A171F+S182M+Y212K,6,"67, 88, 143, 171, 182, 212",8.0861,1.4294,3.8,1.3,0.994,,0.38,1.62,2.0
91,ET1.23.P5,C2,S29P+S41A+G57A+T67A+H143T+A171F+Y212K,7,"29, 41, 57, 67, 143, 171, 212",4.1159,0.9031,,,,,0.92,4.475,5.39
92,ET1.23.P5,D2,S29P+T67A+T88N+H143T+A171F+S182M+H208D,7,"29, 67, 88, 143, 171, 182, 208",3.8796,1.2048,4.9,1.7,2.348,,0.54,2.89,3.43
93,ET1.23.P6,D11,S41A+G57A+I64L+T88N+H143T+A171F+H208D,7,"41, 57, 64, 88, 143, 171, 208",4.1994,0.8737,,,,,,,
94,ET1.23.P6,G3,G57A+I64L+T88N+H143T+A171F+S182M+Y212K,7,"57, 64, 88, 143, 171, 182, 212",9.2638,3.122,,,,,,,
95,ET1.23.P6,H12,G57A+T65K+T67A+H143T+A171F+H208D+Q236L,7,"57, 65, 67, 143, 171, 208, 236",7.7108,1.8133,,,,,,,
96,ET1.23.P6,F11,I64L+T65K+T67A+T88N+A171F+S182M+Y212K,7,"64, 65, 67, 88, 171, 182, 212",9.0567,2.7518,,,,,,,
97,ET1.23.P6,D7,T65K+T67A+T88N+H143T+A171F+H208D+Y212K,7,"65, 67, 88, 143, 171, 208, 212",6.5914,1.7529,,,,,,,
98,ET1.24.P1,B1,T65K+S75A+T88N+H143T+A171F+Y212K+Q236L,7,"65, 75, 88, 143, 171, 212, 236",5.644,1.188,,,,-20834.6211,,,
99,ET1.24.P1,D2,T65K+S75A+T88N+A171F+Y212K+H208D+Q236L,7,"65, 75, 88, 171, 212, 208, 236",9.216,2.267,1.22,1.39,1.519,-20729.5695,,,
100,ET1.23.P6,A2,S29P+S41A+G57A+I64L+T67A+A171F+H208D+Y212K,8,"29, 41, 57, 64, 67, 171, 208, 212",7.5814,1.916,,,,,,,
101,ET1.23.P6,G6,S29P+S41A+G57A+T67A+T88N+A171F+S182M+H208D,8,"29, 41, 57, 67, 88, 171, 182, 208",7.6591,1.4284,,,,,1.36,3.84,5.2
102,ET1.23.P5,A10,S29P+S41A+I64L+T88N+A171F+S182M+H208D+Q236L,8,"29, 41, 64, 88, 171, 182, 208, 236",2.0127,1.0595,,,,,,,
103,ET1.23.P6,H5,S29P+S41A+T65K+T67A+T88N+H143T+A171F+Y212K,8,"29, 41, 65, 67, 88, 143, 171, 212",7.2579,1.4119,,,,,0.71,4.47,5.18
104,ET1.24.P1,F2,S29P+S41A+T65K+S75A+T88N+A171F+Y212K+S182M,8,"29, 41, 65, 75, 88, 171, 212, 182",10.378,1.989,1.03,0.83,1.815,,,,
105,ET1.23.P5,B10,S29P+S41A+T67A+T88N+H143T+A171F+S182M+H208D,8,"29, 41, 67, 88, 143, 171, 182, 208",2.8923,1.0332,,,,,1.44,3.22,4.65
106,ET1.23.P6,A11,S29P+G57A+I64L+T65K+H143T+A171F+Y212K+Q236L,8,"29, 57, 64, 65, 143, 171, 212, 236",7.9891,2.5667,,,,,,,
107,ET1.23.P6,F3,S29P+G57A+I64L+T88N+H143T+A171F+S182M+Q236L,8,"29, 57, 64, 88, 143, 171, 182, 236",4.8767,1.3588,,,,,,,
108,ET1.23.P6,A10,S29P+G57A+T67A+T88N+H143T+A171F+S182M+Q236L,8,"29, 57, 67, 88, 143, 171, 182, 236",7.2838,1.3441,,,,,,,
109,ET1.23.P6,F9,S29P+G57A+T88N+H143T+A171F+H208D+Y212K+Q236L,8,"29, 57, 88, 143, 171, 208, 212, 236",6.6497,1.1498,,,,,,,
110,ET1.23.P6,A5,S29P+T65K+T67A+T88N+H143T+A171F+Y212K+Q236L,8,"29, 65, 67, 88, 143, 171, 212, 236",6.6238,2.3944,,,,,,,
111,ET1.23.P6,G4,S41A+G57A+I64L+T67A+T88N+H143T+A171F+Q236L,8,"41, 57, 64, 67, 88, 143, 171, 236",5.1355,1.2415,,,,,,,
112,ET1.23.P6,D2,S41A+I64L+T65K+T88N+H143T+A171F+S182M+H208D,8,"41, 64, 65, 88, 143, 171, 182, 208",7.685,1.5677,,,,,0.94,4.09,5.03
113,ET1.24.P1,C1,S41A+I64L+T65K+T88N+H143T+A171F+Y212K+Q236L,8,"41, 64, 65, 88, 143, 171, 212, 236",8.191,1.688,,,,-21431.9118,,,
114,ET1.23.P5,A6,G57A+I64L+T65K+T88N+H143T+A171F+H208D+Y212K,8,"57, 64, 65, 88, 143, 171, 208, 212",3.2019,1.7332,,,,,,,
115,ET1.23.P6,H7,G57A+T65K+T67A+T88N+H143T+A171F+Y212K+Q236L,8,"57, 65, 67, 88, 143, 171, 212, 236",6.5202,2.1213,,,,,,,
116,ET1.23.P6,A9,S29P+S41A+G57A+H143T+A167E+A171F+S182M+H208D+Q236L,9,"29, 41, 57, 143, 167, 171, 182, 208, 236",4.2943,0.4533,2.6,0.5,1.219,,0.66,2.45,3.11
117,ET1.23.P6,D12,S29P+S41A+G57A+I64L+T65K+H143T+A171F+S182M+H208D,9,"29, 41, 57, 64, 65, 143, 171, 182, 208",7.8791,1.8647,,,,,0.97,4.13,5.1
118,ET1.23.P6,B12,S29P+S41A+G57A+I64L+T88N+H143T+A171F+S182M+Y212K,9,"29, 41, 57, 64, 88, 143, 171, 182, 212",8.6167,2.081,,,,,,,
119,ET1.23.P6,D5,S29P+S41A+G57A+I64L+T88N+A171F+S182M+Y212K+Q236L,9,"29, 41, 57, 64, 88, 171, 182, 212, 236",8.2285,1.7272,,,,,0.86,3.88,4.74
120,ET1.23.P6,F6,S29P+S41A+T65K+T67A+T88N+A171F+H208D+Y212K+Q236L,9,"29, 41, 65, 67, 88, 171, 208, 212, 236",7.5297,1.2864,1.5,0.6,0.271,,0.805,4.7,5.51
121,ET1.23.P6,D1,S29P+G57A+I64L+T65K+T67A+H143T+A171F+S182M+Y212K,9,"29, 57, 64, 65, 67, 143, 171, 182, 212",11.7917,4.5321,,,,,,,
122,ET1.24.P1,E1,S41A+I64L+T65K+S75A+T88N+H143T+A171F+Y212K+Q236L,9,"41, 64, 65, 75, 88, 143, 171, 212, 236",6.475,1.891,,,,,,,
123,ET1.24.P1,H2,S41A+I64L+T65K+S75R+T88N+H143T+A171F+Y212K+Q236L,9,"41, 64, 65, 75, 88, 143, 171, 212, 236",3.457,0.926,,,,,,,
124,ET1.23.P5,A1,G57A+I64L+T67A+T88N+H143T+A171F+S182M+Y212K+Q236L,9,"57, 64, 67, 88, 143, 171, 182, 212, 236",4.1533,3.1504,,,,,,,
125,ET1.23.P6,A1,S29P+S41A+G57A+I64L+T65K+T67A+A171F+S182M+H208D+Q236L,10,"29, 41, 57, 64, 65, 67, 171, 182, 208, 236",11.8585,2.969,,,,,0.805,3.475,4.28
126,ET1.23.P6,C12,S29P+S41A+G57A+I64L+T88N+H143T+A171F+S182M+Y212K+Q236L,10,"29, 41, 57, 64, 88, 143, 171, 182, 212, 236",7.5426,1.7015,,,,,,,
127,ET1.23.P6,G11,S29P+S41A+G57A+T65K+T88N+H143T+A171F+S182M+Y212K+Q236L,10,"29, 41, 57, 65, 88, 143, 171, 182, 212, 236",5.5108,0.9391,2.8,1.0,2.077,,1.49,4.47,5.96
128,ET1.24.P1,G1,S29P+S41A+I64L+T65K+S75A+T88N+H143T+A171F+S182M+Y212K+Q236L,10,"29, 41, 64, 65, 75, 88, 143, 171, 182, 212, 236",16.524,3.452,0.93,0.96,2.222,,,,
129,ET1.23.P6,A12,S29P+G57A+I64L+T65K+T67A+T88N+H143T+A171F+Y212K+Q236L,10,"29, 57, 64, 65, 67, 88, 143, 171, 212, 236",8.3061,2.8159,,,,,,,
130,ET1.23.P6,C5,S41A+G57A+I64L+T65K+T67A+T88N+A171F+S182M+H208D+Q236L,10,"41, 57, 64, 65, 67, 88, 171, 182, 208, 236",10.3638,2.2771,1.6,0.7,0.226,,0.49,2.78,3.28
131,ET1.24.P1,F1,S41A+I64L+T65K+S75A+T88N+H143T+A171F+H208D+Y212K+Q236L,10,"41, 64, 65, 75, 88, 143, 171, 208, 212, 236",10.046,2.138,,,,,,,
132,ET1.23.P6,F5,S29P+S41A+G57A+I64L+T65K+T66M+T67A+A171F+S182M+Y212K+Q236L,11,"29, 41, 57, 64, 65, 66, 67, 171, 182, 212, 236",9.5097,2.728,,,,,,,
133,ET1.23.P5,A8,S29P+T65K+T67A+T88N+H143T+A171F+S182M+E197K+H208D+Y212K+Q236L,11,"29, 65, 67, 88, 143, 171, 182, 197, 208, 212, 236",3.1257,1.4713,,,,,,,
134,ET1.23.P6,B1,S29P+S41A+G57A+I64L+T65K+T67A+H143T+A171F+S182M+H208D+Y212K+Q236L,12,"29, 41, 57, 64, 65, 67, 143, 171, 182, 208, 212, 236",10.6226,3.6151,0.4,0.2,8.49,,0.44,2.47,2.92
135,ET1.24.P1,H1,S29P+S41A+S61F+I64L+T65K+T88N+H143T+A171F+H208D+S182M+Y212K+Q236L,12,"29, 41, 61, 64, 65, 88, 143, 171, 208, 182, 212, 236",3.543,0.722,,,,,,,
136,ET1.24.P1,A2,S29P+S41A+G57L+I64L+T65K+S75A+T88N+H143T+A171F+H208D+S182M+Y212K+Q236L,13,"29, 41, 57, 64, 65, 75, 88, 143, 171, 208, 182, 212, 236",4.869,1.074,,,,-20737.9432,,,
137,ET1.23.P6,C3,I64L+T67A+H143T+A171F+H208D+Y212K+Q236L+S237V+R239E+A240Q+I241S+E242S+L243C,13,"64, 67, 143, 171, 208, 212, 236, 237, 239, 240, 241, 242, 243",6.4555,2.0791,,,,,,,
138,ET1.24.P1,B2,S29P+S41A+G57L+S61F+I64L+T65K+T67A+S75A+T88N+H143T+A171F+H208D+S182M+Y212K+Q236L,15,"29, 41, 57, 61, 64, 65, 67, 75, 88, 143, 171, 208, 182, 212, 236",7.887,1.575,,,,-20834.1263,,,
139,ET1.23.P5,A5,S41A+G57A+I64L+T67A+H143T+A171F+S182M+H208D+Y212K+Q236L+S237V+R239E+A240Q+I241S+E242S+L243C,16,"41, 57, 64, 67, 143, 171, 182, 208, 212, 236, 237, 239, 240, 241, 242, 243",2.2057,0.9143,,,,,,,
