,serial,res_num,res_name,res,atom_name,chain_id,x,y,z,occupancy,temp_factor,element,aa_polarity,kd_hydro,hw_polarity,aa_vol,secondary_structure,relative_ASA,SASA
0,3413,0,UNK,,C1,D,-10.039,1.152,1.683,1.0,0.0,C,,,,,,,
1,3414,0,UNK,,C2,D,-10.986,0.374,2.354,1.0,0.0,C,,,,,,,
2,3415,0,UNK,,C3,D,-12.069,-0.2,1.691,1.0,0.0,C,,,,,,,
3,3416,0,UNK,,C4,D,-12.248,-0.023,0.319,1.0,0.0,C,,,,,,,
4,3417,0,UNK,,C5,D,-11.321,0.75,-0.399,1.0,0.0,C,,,,,,,
5,3418,0,UNK,,C6,D,-10.233,1.338,0.311,1.0,0.0,C,,,,,,,
6,3419,0,UNK,,C7,D,-11.191,1.126,-1.784,1.0,0.0,C,,,,,,,
7,3420,0,UNK,,C8,D,-12.096,0.742,-2.915,1.0,0.0,C,,,,,,,
8,3421,0,UNK,,C9,D,-10.083,1.943,-1.852,1.0,0.0,C,,,,,,,
9,3422,0,UNK,,N1,D,-9.522,2.069,-0.61,1.0,0.0,N,,,,,,,
