,serial,res_num,res_name,res,atom_name,chain_id,x,y,z,occupancy,temp_factor,element,aa_polarity,kd_hydro,hw_polarity,aa_vol
0,3678,0,UNK,,C1,D,-8.491,-4.764,-0.172,1.0,0.0,C,,,,
1,3679,0,UNK,,C2,D,-7.559,-3.977,0.508,1.0,0.0,C,,,,
2,3680,0,UNK,,C3,D,-7.65,-2.59,0.535,1.0,0.0,C,,,,
3,3681,0,UNK,,C4,D,-8.691,-1.925,-0.112,1.0,0.0,C,,,,
4,3682,0,UNK,,C5,D,-9.63,-2.666,-0.843,1.0,0.0,C,,,,
5,3683,0,UNK,,C6,D,-9.522,-4.092,-0.842,1.0,0.0,C,,,,
6,3684,0,UNK,,C7,D,-10.763,-2.312,-1.661,1.0,0.0,C,,,,
7,3685,0,UNK,,C8,D,-11.244,-0.916,-1.984,1.0,0.0,C,,,,
8,3686,0,UNK,,C9,D,-11.301,-3.509,-2.092,1.0,0.0,C,,,,
9,3687,0,UNK,,N1,D,-10.585,-4.564,-1.581,1.0,0.0,N,,,,
