,1M,2K,3L,4T,5L,6L,7L,8S,9A,10V,11F,12S,13G,14A,15V,16A,17T,18L,19A,20E,21T,22S,23E,24W,25S,26P,27P,28E,29S,30G,31D,32A,33R,34S,35P,36C,37P,38L,39L,40N,41S,42L,43A,44N,45H,46G,47Y,48L,49P,50H,51D,52G,53K,54N,55I,56T,57G,58D,59V,60L,61S,62K,63A,64I,65T,66T,67T,68L,69N,70M,71D,72D,73S,74V,75S,76A,77A,78F,79M,80A,81A,82L,83R,84N,85S,86I,87T,88T,89A,90E,91T,92F,93S,94L,95D,96E,97L,98N,99K,100H,101N,102G,103I,104E,105H,106D,107A,108S,109L,110S,111R,112Q,113D,114F,115Y,116F,117G,118N,119V,120Q,121A,122F,123N,124E,125T,126I,127F,128N,129Q,130T,131R,132S,133Y,134W,135T,136D,137P,138V,139T,140I,141D,142I,143H,144Q,145A,146A,147N,148A,149R,150N,151A,152R,153I,154E,155T,156S,157K,158A,159T,160N,161P,162T,163Y,164N,165E,166T,167A,168V,169N,170R,171A,172S,173A,174L,175E,176T,177A,178A,179Y,180I,181L,182S,183F,184G,185D,186K,187V,188T,189G,190S,191V,192P,193K,194A,195F,196V,197E,198Y,199F,200F,201E,202N,203E,204R,205L,206P,207F,208H,209L,210G,211W,212Y,213K,214S,215A,216E,217S,218I,219S,220F,221A,222D,223F,224Q,225N,226M,227S,228T,229R,230V,231S,232Q,233A,234G,235S,236Q,237S,238P,239R,240A,241I,242E,243L
A,-9.7616,-6.1374,-0.8058,-0.4883,-1.0327,-0.5856,-1.5135,0.1116,0.0,-0.1291,1.0317,0.0846,0.4436,0.0,0.0425,0.0,0.785,0.6826,0.0,0.8827,-0.3121,-0.1903,0.7645,-7.8815,0.2135,0.0343,-2.0113,2.42,1.1909,-4.0648,-3.2232,0.0,-9.1939,-1.5758,-5.4492,-12.3416,-7.3612,3.0223,-4.0626,-9.0756,-0.6816,-4.2747,0.0,-5.4745,-8.5933,-4.3319,-5.4994,-6.1097,-3.8339,-6.2562,-3.8467,-5.682,-3.891,-3.604,-5.7127,-4.4887,1.0812,-0.3251,-0.875,-2.1946,0.0262,-0.1067,0.0,-1.4428,0.0476,-0.3976,1.6819,-3.1281,-3.1031,-0.8372,-1.0826,1.3177,0.235,-0.4063,0.6938,0.0,0.0,0.2574,3.3963,0.0,0.0,1.0596,0.9557,1.007,0.0839,2.0159,-0.2248,-1.052,0.0,-0.8207,-2.459,-4.4001,-2.8123,-6.6885,-0.6148,-1.1903,-5.1236,1.1179,-0.4458,-6.6627,-4.9262,2.7971,-5.7364,-7.2809,-8.1417,-8.268,0.0,-4.2185,-4.7513,-4.3636,-9.8984,-1.2468,-8.7516,2.4479,-4.1234,-4.3474,-4.3054,-3.3012,1.8372,0.7606,0.0,-6.877,-9.2926,-1.4464,-3.1159,-4.0355,-5.5216,-1.3798,-1.3098,-3.6272,-1.987,-1.6194,-4.5333,-4.7403,-0.928,-1.208,1.4847,1.7882,-1.3818,-3.3612,-4.0629,-1.8718,0.9518,1.1842,0.0,0.0,2.3723,0.0,-4.3957,-0.0618,0.0,-6.0089,-3.9565,1.3942,1.6948,-1.0316,-2.4122,0.0,0.1973,-4.3608,-2.2314,-0.1889,-1.752,-3.528,0.8015,-1.7717,0.0,0.3331,0.6999,1.3081,0.0,1.1028,0.0,2.6991,-3.9388,0.8266,0.0,0.0,-0.2001,-1.7197,-3.2599,1.6418,-3.694,-1.4326,-7.104,0.6601,0.3766,-3.7407,-3.2946,0.171,0.179,-4.0784,-3.3182,0.0,-0.8696,-2.813,-1.9482,-1.8511,-3.0871,-6.5409,-1.9587,-5.5132,-6.3727,-6.1492,-5.9418,-6.5064,-0.8837,1.6146,-0.9654,-5.8962,-6.0541,2.5093,-2.4825,0.1922,0.0,-0.4048,0.248,-1.8304,-2.9446,0.3538,0.0,-1.348,-1.3692,0.9978,0.8118,1.1854,0.7937,0.7126,1.7044,-0.6915,0.6682,0.981,0.0,2.3041,0.2659,1.0005,0.8695,1.1017,0.9453,0.0,1.0442,0.9615,-0.2283
R,-11.3385,-0.3627,-3.433,-3.1506,-3.641,-5.3412,-6.8595,-5.853,-7.4512,-7.2683,-7.5075,-5.4087,-3.3326,-5.3387,-2.4329,-2.6106,-0.2874,-1.2894,-2.4538,-2.0605,-1.3683,-0.398,-1.3592,-7.8112,1.0176,-3.0327,-5.9496,1.8998,-1.6972,-5.0664,-5.4244,-0.5602,0.0,-7.0852,-8.1364,-11.4486,-10.7391,-4.2676,-9.8056,-11.5744,-5.1288,-11.3684,-8.2149,-8.5451,-8.1164,-4.7866,-6.5061,-11.2581,-6.4645,1.3812,-6.678,-7.8294,-0.7284,-5.0154,-10.8688,-5.6031,-0.3637,-3.4058,-3.4393,-9.2157,-0.3491,-1.2757,-8.3602,-7.3717,0.4087,-2.5345,-3.6736,-6.1078,-3.3001,-4.3814,-3.6009,-1.0009,-1.1421,-3.3625,-2.5539,-0.8109,-2.2895,-4.618,-0.5163,-2.0231,-4.1444,-3.8017,0.0,-1.113,-2.3541,0.3301,-1.9791,-2.4818,-1.7489,-1.9151,-2.8741,-7.2244,-2.4056,-7.2318,-3.697,-3.5032,-7.2522,-1.5496,-0.5489,-5.0877,-5.4963,2.6487,-7.0071,-10.1813,-6.252,-11.0843,-7.1826,-8.4332,-6.8977,-6.7619,0.0,-1.2764,-12.3208,-1.7062,-4.8912,-5.3263,-5.1545,-4.3542,1.0882,-1.0798,-0.7526,-9.1684,-8.3854,-4.8075,-5.6659,-6.451,-8.0244,-3.8873,-3.0633,-9.7094,0.0,-4.3617,-5.4184,-6.3619,-1.9797,-2.93,-1.1786,-0.5884,-3.1691,-7.3231,-4.66,-4.4484,-0.1279,0.0318,-4.2598,-3.8259,0.135,-7.0609,0.0,-0.6152,-2.1341,0.0,-4.0903,-2.51,-0.6022,-5.0232,-0.8174,-1.2893,-1.2954,-5.193,-2.6205,-1.9363,-2.8494,-4.7359,-1.0965,-4.1229,-2.3726,-1.3625,-0.6621,0.0,-1.6447,-1.8511,-0.5953,-1.7874,-6.4448,-2.9353,-6.0455,-6.1318,-4.8614,-6.6086,-7.3525,-4.7377,-6.0165,-2.8489,-8.5427,-0.8956,-1.6732,-5.5788,-3.1333,-1.262,-8.6879,-3.6881,-0.5344,-1.1778,-3.0161,-7.7592,-0.461,-3.7657,-7.9416,-8.6795,-2.4843,-4.8763,-8.1687,0.0,-7.7132,-8.3055,-2.1026,-0.3831,-2.3222,-6.8618,-6.4835,3.5364,-0.3315,0.2553,-1.6078,-1.2232,-0.921,-3.8427,-3.814,-2.1127,-2.4391,-3.4733,-5.721,-1.1539,-1.3957,-2.9547,-1.5905,-1.1637,0.0,-4.5303,-0.9464,-1.132,-1.6558,0.3729,-0.8215,-0.247,-0.4101,1.0296,0.0,1.1967,0.3514,0.7383,-2.1162
N,-10.8904,-4.2426,-2.8636,-1.8916,-3.3817,-6.2691,-7.1216,-3.6047,-6.2879,-7.2144,-6.7863,-3.2681,-1.8088,-5.1783,-2.7719,-2.4664,-0.7976,-1.1552,-1.5147,-1.0424,-0.6346,-0.2108,0.0619,-8.3453,-1.7054,-5.785,-8.1841,-0.417,-1.8907,-2.3602,-3.2765,-1.382,-9.429,-6.1666,-8.059,-12.1009,-9.7634,-4.0434,-11.4269,0.0,-2.9679,-11.2279,-9.393,0.0,-6.5826,-2.6709,-6.1533,-12.2147,-6.8326,-6.0077,-0.3977,-7.5289,-3.8978,0.0,-8.7217,-3.3409,0.1525,-2.6382,-2.5147,-8.5972,-0.567,-0.1055,-7.0732,-6.5301,1.0583,-0.9833,-1.7681,-4.8024,0.0,-3.8876,-1.2024,-0.5083,-0.2386,-2.4468,-1.6399,-0.2945,-1.7088,-3.4488,1.3182,-0.7564,-2.6936,-2.9863,1.3384,0.0,0.3076,4.1017,-0.203,0.1555,1.2982,-0.2696,-2.2041,-6.8381,-0.5344,-8.3862,-2.1143,0.0094,-7.6573,0.0,-1.8839,-4.9038,0.0,1.3516,-7.0059,-8.853,-6.2691,-5.4747,-6.1947,-7.0109,-7.0602,-4.5601,-9.6526,0.6324,-6.1382,-0.401,-3.7148,-4.2091,-3.3608,0.0,7.0488,0.2432,0.4186,-8.6524,0.0,-4.3494,-3.9281,-6.7766,-7.5722,0.0,-3.2261,-6.07,-4.4446,-3.2547,-4.6334,-5.9751,-0.9063,-0.153,1.9364,1.7163,-1.7493,-6.3131,-0.5804,-4.6724,1.3385,-0.3071,-3.6324,-3.5618,0.0,-5.1796,-5.6913,0.0,-1.4832,-6.757,-5.6072,-0.2306,-0.6624,-3.6223,-0.959,-2.2338,-0.1735,0.0,-3.0393,0.8122,-3.6419,0.0,-0.7944,-2.7515,-1.3386,-0.9485,0.0,0.7043,-1.0498,-1.0143,-0.8442,-1.4981,-4.9358,-0.826,-3.5867,-3.9612,-2.5265,-5.8747,-6.2848,-2.8228,-5.6107,-3.6432,-1.6131,1.94,-0.1691,-2.1359,-0.7741,-0.2002,-7.3382,-1.9183,-4.2054,-1.3494,-2.094,-6.9534,-1.6336,-2.6078,-5.714,-8.5192,-2.8837,0.0,-7.2866,-6.6591,-7.8633,-8.3852,-2.0233,1.5049,-1.7236,-6.1037,-7.3652,1.8229,-3.5469,-0.7644,1.5439,-0.6063,0.0903,-4.6029,-1.8011,-1.5388,-1.5957,-1.96,-6.4003,-0.6613,0.0,-3.3392,-1.0957,-0.524,-0.4407,-3.7166,-0.8552,-0.0913,-1.3498,0.1048,-0.7223,-0.0129,-0.4662,0.011,-0.4055,-0.5444,1.209,0.363,-1.4624
D,-10.6363,-8.2577,-7.0434,-4.412,-6.7648,-8.8872,-10.3482,-6.8794,-9.1584,-8.9596,-8.8524,-6.1322,-5.2189,-6.9733,-4.7878,-5.0707,-0.4983,-1.434,-2.1567,0.6851,-0.3042,-1.1172,0.427,-9.8982,-4.7666,-6.7672,-9.6693,-1.8658,-0.9597,-3.1347,0.0,-4.2265,-11.2631,-8.107,-8.6623,-11.0732,-11.5764,-5.4027,-11.1203,-8.3446,-5.8938,-12.747,-10.0284,-6.0731,-9.043,-3.7373,-7.6797,-13.6223,-5.9158,-9.2699,0.0,-8.4401,-7.6483,-1.867,-11.6636,-3.2244,-0.1967,0.0,-0.0711,-9.8691,-1.6768,-0.4641,-8.1864,-8.3637,-1.5062,1.1613,-2.6608,-6.8824,-3.3665,-5.2296,0.0,0.0,-0.3696,-3.2146,-3.9405,-0.7219,-2.3527,-4.8272,1.2511,-0.9012,-3.7307,-4.3888,-0.5072,-0.6153,-1.2769,2.619,-0.1252,0.308,0.0122,0.4655,-3.1329,-8.3019,-0.336,-10.0248,0.0,3.6338,-9.4336,-0.8992,-2.5025,-6.7744,-3.2664,0.5219,-8.996,-5.4722,-8.0367,0.0,-6.2677,-8.0201,-8.894,-6.0128,-11.7485,-0.5226,0.0,-0.7399,-4.8524,-4.6764,-3.2242,0.9974,5.5485,-0.3915,-0.6241,-10.5978,-2.8066,-3.1735,-3.2565,-8.4093,-8.983,-1.4283,-2.658,-7.5144,-7.2159,-3.4557,-5.8637,-7.2495,-2.0461,0.0,1.2472,2.0054,-2.1095,-7.79,0.0,-5.3781,0.1062,-0.2988,-5.0142,-4.7188,-0.2721,-5.9778,-8.3734,-1.9456,-1.032,-8.3742,-6.449,-1.7456,-0.5915,-4.757,-4.737,-3.4657,-1.6183,-3.481,-4.9163,0.0938,-4.5013,-1.7592,-0.4591,-2.1803,-0.8356,-0.8874,-0.4048,0.1946,-1.7094,-2.0691,-1.658,-2.0804,-3.4145,-2.1384,-4.8827,-6.0484,-4.9967,-7.3523,-8.8603,-5.2742,-7.7306,-4.5578,0.0,0.2062,0.1615,-4.1334,-1.6737,-0.4123,-8.9578,-1.0246,-5.4085,-1.1138,-2.2429,-9.0135,-1.7908,-3.6748,-7.9352,-10.26,-2.907,-5.1266,-5.2541,-8.4671,-9.4819,-7.7377,-2.1457,3.3579,0.1337,-5.8033,-8.5545,-0.3695,-4.7835,-2.2261,0.5444,-0.3041,-0.3853,-5.838,-2.1522,-0.7211,-0.671,0.0,-7.6723,-1.5213,0.0241,-3.0977,-2.563,-0.3011,-1.359,-5.5346,-1.2116,-0.6583,-2.3475,-1.3856,-1.4032,-0.2462,-1.0769,-0.3821,-0.3428,-0.9734,1.9463,0.1331,-1.7598
C,-11.2054,-8.3568,-2.9825,-3.0343,-3.4829,-3.1768,-3.7255,-2.3413,-2.5941,-2.0451,-1.4471,-1.637,-0.5019,-2.9459,-2.0943,-1.6087,-2.4243,-2.854,-3.2192,-3.4887,-3.4055,-3.1809,-4.3555,-7.806,-3.4692,-6.3368,-6.9439,-2.5961,-5.7965,-6.508,-6.463,-1.8429,-8.569,-4.3628,-9.1448,0.0,-9.6391,-1.7396,-7.0992,-9.8719,-3.9374,-7.7456,-8.7612,-8.0781,-10.474,-8.7998,-7.0748,-8.6823,-9.5968,-7.3496,-7.0749,-9.2953,-7.2382,-7.4082,-8.5705,-9.3199,-5.1002,-7.495,-6.5197,-6.6072,-5.5917,-6.1551,-7.0507,-3.7873,-5.9123,-6.0736,-3.3651,-4.9166,-6.5918,-3.8253,-6.9183,-5.7437,-5.2431,-4.7744,-5.2735,-5.6413,-5.218,-3.5241,-2.2335,-5.3749,-4.5803,-2.9744,-3.0612,-3.9192,-4.2626,-2.9179,-4.2268,-5.4417,-5.4496,-6.5212,-6.1246,-6.2426,-5.9407,-8.9984,-7.5175,-4.5189,-7.5648,-4.9003,-4.8417,-8.9089,-7.2035,0.1802,-8.0151,-11.3595,-9.866,-9.988,-6.3892,-6.7116,-7.5367,-6.6069,-9.437,-5.0232,-11.8174,-3.4795,-6.5773,-7.6824,-8.3293,-8.2988,-1.7608,-4.3208,-4.1308,-7.9909,-11.7601,-9.3623,-9.4618,-7.6293,-8.4746,-8.6188,-7.6047,-6.8855,-6.4036,-7.8257,-6.9455,-6.7468,-5.909,-6.0597,-3.8895,-4.2792,-6.4787,-6.4271,-7.0687,-6.6955,-4.7496,-4.8202,-3.7176,-7.0076,-4.7169,-5.3555,-7.7918,-6.1106,-5.7538,-8.7139,-7.1324,-6.5701,-4.5764,-4.4095,-7.8089,-7.7825,-6.3639,-7.6935,-6.4801,-5.6208,-6.0569,-8.3116,-4.9989,-8.7507,-5.5118,-5.0448,-5.0322,-4.1923,-4.5752,-3.9027,-4.0249,-1.832,-8.064,-2.6278,-3.9924,-4.0827,-2.7938,-4.6998,-6.1866,-1.8407,-6.1027,-5.395,-7.5078,-4.9986,-4.8798,-9.0959,-7.1603,-4.4626,-4.4499,-9.087,-7.6918,-4.7506,-4.1798,-6.6302,-7.4122,-4.3576,-4.3453,-7.7977,-8.2145,-8.1637,-10.5742,-7.6623,-7.9015,-10.1366,-4.71,-3.8858,-6.5442,-9.7321,-8.0438,-2.3205,-7.7132,-5.2016,-5.478,-6.1815,-5.8545,-6.2512,-6.6622,-6.081,-6.1652,-7.348,-6.2444,-4.6267,-6.1637,-3.9945,-4.3305,-5.6295,-4.4652,-6.0299,-5.2219,-4.782,-5.1616,-3.1166,-4.4104,-3.2447,-3.2199,-3.2953,-3.2197,-3.8997,-2.3819,-1.7278,-2.5442
Q,-10.5798,-1.991,-3.2557,-1.4507,-3.0192,-4.8023,-6.3731,-3.4154,-5.8242,-6.2964,-6.0324,-3.2261,-1.658,-5.0836,-2.1004,-1.836,1.0015,-1.1104,-1.109,1.5059,-0.9127,0.0355,-0.1869,-8.7672,0.0031,-3.8697,-6.5376,1.8522,-0.8738,-5.165,-2.454,0.2062,-8.5219,-7.7349,-7.5299,-14.3293,-8.453,-2.6664,-7.8779,-9.4203,-3.4332,-8.8604,-7.8532,-7.341,-6.4468,-4.4748,-6.3189,-10.5241,-5.7914,-5.3251,-5.5689,-8.9655,-2.3484,-4.2167,-9.1146,-5.0678,0.5954,-1.5734,0.9548,-7.1073,-0.1315,-0.0112,-7.0117,-5.3669,0.2826,-0.6368,-2.3176,-4.3395,-2.8548,-3.3392,-2.3676,-0.0128,-0.7227,-2.6144,-2.3958,-0.3433,-1.3793,-3.1547,0.6603,-0.8511,-3.0148,-3.0039,0.7068,-0.5092,-2.0556,0.7865,-1.5316,-1.9018,-0.7705,-0.9596,-2.8616,-6.5147,-2.7472,-7.3032,-2.4359,-1.6108,-6.5755,-1.3995,-0.9709,-5.9366,-5.1464,3.0086,-6.8865,-6.0641,-6.3913,-9.5631,-6.1981,-8.3054,-5.8666,-6.2935,-8.4684,0.0,-10.262,-1.1704,-4.7065,-4.8308,-5.0296,-3.118,1.6656,0.0,-0.4001,-9.1011,-7.6647,-1.6778,-4.9561,-6.4736,-8.0614,-1.7944,0.0,-6.6358,-2.5058,-2.5732,-5.0785,-6.3436,-1.2645,-1.7506,-0.2933,0.9453,-2.0977,-6.2515,-4.5609,-3.5202,1.1402,0.0,-2.4016,-2.9258,0.5547,-5.8143,-4.5721,-0.5207,-1.3941,-6.0621,-4.7752,-1.0216,0.1346,-4.0129,-2.0568,-0.8184,-0.6663,-4.9093,-3.0929,-1.1482,-3.3732,-4.4209,-0.1655,-3.1483,-1.122,-0.9305,-0.1374,0.7456,-1.0529,-1.245,-0.801,-1.496,-4.0989,-1.387,-4.2251,-4.2831,-2.7227,-5.158,-5.9889,-3.4091,-5.1879,-2.2337,-7.2493,-0.3061,-0.3583,-5.2362,-2.0851,-0.2013,-7.1957,-2.6811,-2.4043,-0.9527,-2.1482,-6.9395,0.6003,-2.961,-5.4554,-8.4802,-1.4114,-3.4256,-4.83,-4.228,-6.3139,-8.1316,-1.5197,1.377,-0.3451,-7.2657,-7.5311,3.4732,-2.0951,-0.2096,-0.5756,-0.5599,-0.7851,-4.0847,-3.6784,-1.1371,-0.9831,-1.7887,-5.1081,0.0,-1.0729,-2.1886,-0.9256,-0.2654,0.4547,-3.9208,-0.1669,0.0,-1.6818,0.5269,-0.5188,0.0,-0.5608,0.4389,-0.3584,-0.6729,0.2808,0.1011,-1.7066
E,-10.7775,-6.7925,-6.5357,-3.7963,-6.0923,-7.8637,-9.5656,-6.19,-8.539,-8.4968,-8.0298,-5.4744,-4.6721,-6.8099,-4.2427,-4.4009,-0.0728,-1.1039,-2.4325,0.0,-0.3027,-1.088,0.0,-10.3794,-2.4766,-4.2916,-8.3308,0.0,0.0701,-4.5188,-2.5755,-2.4298,-10.9932,-8.1577,-8.9605,-13.244,-11.0525,-3.7417,-9.8376,-11.5096,-5.3163,-11.0811,-8.5607,-8.5142,-8.9246,-4.2096,-6.8404,-12.1469,-5.4229,-8.2649,-4.3625,-8.6132,-4.9363,-3.9883,-10.3574,-5.0056,0.1485,0.1691,-0.1686,-8.0422,-1.1304,-0.0396,-6.8149,-6.7263,-1.1013,1.1038,-1.2277,-5.6341,-4.2418,-4.5991,-1.573,0.6869,-0.524,-3.2947,-3.6194,-0.6822,-2.0906,-3.4833,1.2855,-0.7932,-3.3025,-3.5417,-0.0664,-0.7541,-2.1539,0.9439,-1.1382,-1.1466,-0.1849,0.0,-2.8061,-7.8179,-2.6515,-8.6205,-0.7041,0.0,-8.0405,-1.0194,-1.0599,-6.8564,-5.41,2.2195,-7.8574,0.0,-8.0648,-5.8521,-6.1278,-8.6011,-7.3717,-6.7373,-11.1273,-1.4016,-6.6158,-1.1596,-5.0036,-4.7542,-4.1502,-2.109,2.0267,-0.263,-0.6005,-10.3575,-6.7813,0.0,-3.8038,-7.7022,-8.8717,-1.2426,-0.0509,-6.4688,-4.6226,-3.0672,-6.1398,-7.4916,-2.0812,-1.2629,0.0419,1.779,-1.3262,-7.0119,-3.8027,-3.1977,0.6666,-1.4407,-3.1632,-2.9587,0.6269,-5.8932,-6.4818,-1.7409,-1.546,-7.7438,-4.8185,0.0,0.4405,-4.0277,-3.0781,-1.2969,-0.1649,-5.583,-4.5511,-0.7124,-3.8967,-4.1779,0.0,-2.3575,-0.6423,-0.7668,-0.2846,0.4855,-1.584,-1.2601,-1.2662,-1.5405,0.0,-1.409,-4.2731,-5.354,-3.7063,-5.9776,-7.2739,-3.905,-6.3819,-1.4288,-4.5615,0.9422,1.0297,-4.7247,-2.3485,0.5532,-7.0678,-2.0641,-3.3129,0.083,-3.1282,-7.4022,0.0,-3.0918,-6.4964,-9.5281,0.0,-3.3162,0.0,-6.2037,-8.2256,-8.6708,-1.0623,4.0337,1.0177,-6.4004,-7.9385,2.4856,-3.1694,-1.329,0.5162,0.0,-0.366,-5.2556,-3.4914,-0.5846,-0.2883,-1.1153,-6.2177,-0.3489,-0.0132,-1.6237,-1.4689,-0.1703,-0.1989,-4.7475,-0.401,0.4388,-1.585,-0.0621,-0.7863,-0.0195,-0.9538,-0.088,-0.156,-0.9713,0.6471,0.0,-1.4293
G,-11.0908,-7.0731,-3.2263,-1.8477,-3.068,-3.4902,-4.6668,-0.9562,-2.4005,-2.6953,-2.6985,-0.1361,0.0,-3.4508,-2.0499,-0.7254,-0.4541,-0.8246,-1.8104,-0.2922,-0.2898,-0.0697,0.6554,-8.8465,-3.2943,-2.4873,-4.935,3.3336,-2.8802,0.0,-4.0268,-2.5996,-7.4977,-1.3138,-7.933,-10.8874,-8.1312,2.5209,-6.9533,-8.7398,-3.1759,-8.3755,-5.8657,-6.475,-9.6337,0.0,-8.3162,-11.0039,-5.9472,-7.1957,-3.7662,0.0,-5.7767,-1.5869,-9.7551,-4.278,0.0,-2.4814,-2.7499,-6.6949,-0.8159,-1.9758,-2.8853,-4.145,-0.4704,-0.7507,3.0059,-4.4782,-1.6736,-2.21,-0.552,-0.0319,-0.0242,-2.0106,-0.0647,-0.5617,-0.8313,-1.3768,3.1534,-0.4661,-0.3721,-0.4301,0.4501,0.0179,-0.232,2.1431,0.4624,0.9347,0.8358,-0.0974,-2.6634,-6.7348,-3.2172,-9.0686,-2.9171,-1.1665,-8.1631,0.2849,-2.4793,-7.6511,-2.3687,0.0,-8.1256,-8.0842,-8.691,-7.402,-2.3353,-5.2023,-7.48,-5.0106,-9.3651,-1.4381,-7.7311,-0.4202,-6.0309,-5.8406,0.0,-2.7888,2.3345,-1.1102,-1.3284,-9.054,-9.1185,-4.0754,-3.9454,-7.8999,-8.6637,-4.3394,-4.4634,-5.9793,-6.094,-2.1995,-6.3069,-5.9191,-0.8905,-1.4677,1.4454,0.5218,-2.8174,-6.2962,-1.5369,-4.0193,-0.4783,-0.8022,-3.0922,-2.9236,-1.4578,-3.2641,-6.9355,-3.2508,-3.2134,-7.465,-7.0512,-3.4085,-2.1731,-3.5137,-5.3416,-3.9833,-3.1437,-5.7935,-3.2771,-0.4565,-3.2232,-3.98,-0.9237,-3.5165,-1.912,-0.9866,-0.2687,0.1576,-1.4889,-0.4629,-0.7649,2.547,-3.6229,0.2264,-1.0728,-2.0024,-2.5372,-4.2777,-5.8836,-1.1392,-5.9146,0.0,-6.0059,-0.7092,-1.9381,-5.0347,0.0,-1.3869,-5.1113,-3.9543,-5.4643,-1.7701,-3.3972,-6.046,-3.2429,-3.0789,-5.3206,-9.0616,-4.1367,-6.1494,-6.7907,-7.9358,-8.8286,-7.87,-2.7343,1.0471,-2.187,0.0,-6.652,0.0146,-4.2361,-1.5845,-0.4966,-0.2529,-0.4127,-4.3288,-1.0187,-1.6877,-0.9961,-1.6232,-4.5729,-0.2147,-1.0181,-1.9034,-0.655,-0.8692,-0.2383,-3.3394,-0.6179,-0.6129,-1.4836,0.0,-0.4921,0.4746,-0.5896,0.7925,0.0434,-0.4158,0.7772,1.2538,-1.627
H,-11.4161,-2.0313,-3.1719,-2.15,-2.9196,-5.6347,-6.9641,-4.34,-5.9756,-6.1232,-6.3403,-3.2783,-2.0227,-4.9677,-1.8577,-2.3642,-0.6575,-1.6387,-2.1197,-1.4775,-1.0655,1.5028,-1.1404,-6.4621,0.7924,-4.5564,-6.6337,0.4429,-2.2037,-4.5884,-3.1487,-1.5548,-7.3844,-7.466,-8.2314,-12.4128,-9.3661,-4.2457,-8.0248,-8.4141,-5.3021,-9.5228,-8.6619,-6.5542,0.0,-4.6428,-3.8948,-11.1508,-6.6584,0.0,-3.737,-8.6072,-2.5966,-2.5457,-9.7316,-5.891,-1.0239,-3.5333,-2.6769,-8.5017,-1.2277,-1.0671,-7.2183,-6.2911,-0.4651,-2.5319,-2.0572,-3.1381,-1.6991,-3.5074,-2.7274,-1.7908,-2.2432,-3.3053,-3.6979,-1.8479,-2.8872,-4.2,-0.6142,-2.3617,-4.2541,-3.5403,-0.7969,-1.0835,-2.7699,-0.3267,-1.9221,-2.233,-2.0409,-2.4502,-1.794,-6.328,-2.9107,-7.8584,-3.3896,-0.6863,-6.3995,-1.7114,-1.6908,0.0,-4.2207,1.9993,-6.8805,-8.9798,0.0,-8.2497,-7.2735,-8.6666,-6.9401,-5.7992,-6.2081,1.7264,-9.0087,-0.8531,-1.9567,-4.1016,-5.4096,-3.4011,2.7259,2.7771,0.9326,-6.6585,-7.4494,-4.8094,-5.702,-7.0115,-5.6598,-3.5578,-3.796,-7.6679,-4.2578,-4.4928,-3.3314,-5.3447,-1.7815,-2.2422,-0.5592,-0.1022,-2.4634,-6.4661,-3.9725,-4.6237,0.0,-0.7226,-3.5564,-4.8715,-1.6637,-5.528,-4.1886,-1.9447,-0.9248,-6.0762,-5.0751,-3.8762,0.3867,-4.921,-2.7491,-3.6579,-1.8686,-2.9773,-3.3007,-1.0494,-3.0993,-5.2419,-2.023,-4.9892,-2.4437,-2.1305,-1.7239,-1.0035,-1.8331,-2.2823,-1.7095,-2.3999,-6.3141,-1.8448,-5.5367,-5.5473,-3.0149,-6.0189,-6.7038,-4.7366,-5.1888,-4.1697,-4.95,-1.3088,-1.985,-5.2932,-2.5958,-1.2819,-8.4256,-4.5387,-3.7328,-1.0725,-1.8871,-7.6104,-2.4653,-2.3376,-5.296,-7.1711,-3.5357,-1.8308,-8.0756,-4.8405,-6.8893,-8.2112,-0.9307,0.0,-2.3083,-7.8394,-5.5056,2.0758,-2.9901,-1.6615,-1.361,-1.6666,-1.8068,-4.197,-4.5006,-3.3787,-3.2772,-3.7772,-6.0736,-2.5658,-3.1689,-2.9829,-2.6621,-2.0984,-1.5629,-4.636,-1.9029,-1.679,-2.5064,-0.7515,-1.9112,-1.041,-1.1257,-0.5816,-0.9817,-0.6181,0.0897,-0.0231,-1.8677
I,-10.5697,-4.7373,-1.1056,-1.2218,-0.387,-0.7225,-1.4859,-2.0294,-1.1614,-0.1215,0.0413,-2.1293,-0.6495,-1.4137,-0.4517,-1.6004,-0.9279,-0.6398,-1.2829,-2.091,-1.1606,-0.4742,-1.3755,-6.8972,-0.0457,-4.3347,-4.9423,-1.6228,-1.6392,-6.0904,-4.8387,0.0906,-9.7621,-7.8471,-8.4539,-13.967,-8.2231,-0.4581,-2.1578,-8.5173,-3.0082,-4.5865,-9.197,-7.0927,-9.7264,-9.9648,-1.8886,-1.4253,-7.9072,-7.101,-7.2416,-11.4892,-4.8207,-7.4204,0.0,-6.9267,0.3013,-3.1773,0.1352,-1.2961,-1.4295,-3.1248,-6.2903,0.0,-2.161,-3.2242,-1.4707,-2.4521,-6.0942,0.6637,-5.5054,-1.0338,-0.7724,-0.1568,-1.9876,-1.4573,0.6549,0.3938,1.5952,-0.885,-0.9343,-0.19,0.1164,-0.5614,-1.8894,0.0,-1.83,-3.1523,-3.2216,-3.627,-3.0801,-0.4573,-4.6539,-3.4739,-3.8517,-2.6948,-3.5573,-2.7198,-0.4076,-6.3916,-6.6126,5.2601,0.0,-8.5469,-8.6704,-10.9891,-6.6571,-9.1484,-3.2372,-6.7025,-10.0631,-3.8271,-12.3336,-1.6148,-5.2503,-4.6435,-9.0422,-6.3928,-0.3799,-1.4767,-1.0406,-4.9892,-9.7863,-5.3814,-6.182,0.0,-5.8554,-5.487,-1.2625,-5.539,-2.5119,-5.6909,-5.1268,-4.569,-3.0037,-3.9934,-2.2623,-0.8331,-1.4039,0.0,-6.8565,0.0,-0.101,-0.8622,1.0893,-2.1113,0.909,-4.2273,-3.7382,-0.1199,-2.0873,-6.7632,0.0,-2.3248,-0.1238,-2.8995,-1.546,-1.603,-0.1332,-5.7304,-2.4691,-1.8908,-1.1675,-4.6927,0.4212,-3.4718,-0.498,0.0679,-0.4292,0.7959,1.2028,0.1064,-1.1043,-0.218,-5.9703,-1.417,-2.9543,-1.7499,1.8752,0.0,-1.5379,1.0999,-1.0852,-4.1294,-9.2836,-1.8099,-1.287,-6.1027,-7.6504,-1.3278,-2.6213,-8.078,-3.1613,-2.1519,-0.4435,-1.2287,-3.3118,-3.3954,-1.9226,-4.5885,-3.2296,-6.4918,-9.0728,-6.3167,-3.1552,-9.1977,-0.1087,-2.4118,-2.5245,-10.3093,-6.2849,1.7953,-5.9527,-2.5573,-2.4124,-3.0319,-2.0205,0.0,-5.4223,0.2033,-1.9471,-3.428,0.7193,0.5893,-1.6587,2.1942,0.3554,-0.9175,0.5464,0.2347,0.0308,-0.3722,-0.1433,2.6812,-0.2632,0.1976,0.6286,-0.148,-0.3188,-0.4235,0.0,0.0828,-1.1249
L,-9.2535,-3.3312,0.0,-0.3182,0.0,0.0,0.0,-0.6902,-0.1691,1.0482,1.5617,-0.4875,1.5132,-1.7313,0.3217,0.3206,-0.2391,0.0,-1.0277,-1.488,-0.8437,0.1368,-0.6969,-5.7502,-0.7487,-3.9538,-4.4238,-0.3794,-1.5919,-6.2186,-4.4652,0.605,-8.5326,-7.5772,-7.4103,-13.0744,-7.874,0.0,0.0,-10.1093,-4.352,0.0,-9.6113,-7.0535,-7.8502,-7.2008,-2.9219,0.0,-5.9151,-5.4937,-6.7042,-9.9835,-3.7091,-5.6777,-3.0219,-7.4808,0.8464,-2.4189,-0.823,0.0,-1.1598,-2.1836,-6.5828,1.0205,-1.3149,-2.6452,-2.6591,0.0,-4.4451,1.1637,-5.1051,-0.5924,-0.5653,0.5728,-2.4041,-0.7873,0.9792,0.6072,1.4728,-0.3721,-0.8218,0.0,0.789,0.0786,-1.6277,0.3774,-1.273,-2.5381,-2.4064,-2.7244,-3.1026,-0.8304,-4.5956,0.0,-3.2056,-1.8459,0.0,-2.2212,-0.2342,-5.4068,-6.2961,4.4538,-2.2939,-9.1087,-7.4149,-11.0062,-6.202,-8.2313,0.0,-6.3027,-8.8719,-2.2488,-12.0763,-0.9265,-3.9321,-2.9833,-7.1627,-6.3999,0.0649,-1.1096,-1.0874,-3.9198,-10.7498,-4.8059,-6.3741,-0.7549,-3.3102,-3.3582,0.0005,-6.3395,-0.5245,-4.4588,-3.0392,-3.2755,-2.6907,-3.2095,-1.1333,0.2893,-1.7856,-0.4541,-5.6921,0.0274,-0.3768,0.1713,1.3657,-2.9551,1.9156,-4.3157,-3.1334,0.7285,-1.1209,-5.7754,-1.422,-1.6149,0.7278,-3.1173,-0.899,-0.8251,0.6029,-5.4151,-2.108,-1.0824,-0.0574,-4.3222,0.7414,-3.1586,0.4772,0.7955,0.3346,1.2577,1.2558,0.3273,-0.7077,0.0,-5.6568,-1.492,-2.8572,-1.6248,1.2824,-0.3862,0.0,0.4799,-1.2269,-4.6695,-9.2053,-1.4587,-1.7797,-5.9247,-4.0326,-0.6295,-3.941,-6.7282,-2.8073,-2.52,0.5956,-2.4033,-2.9983,-2.799,0.1838,-3.5866,-2.7246,-6.1797,-8.5481,-6.079,0.0,-6.9843,1.1655,-1.8484,0.0,-9.2269,-4.336,0.6328,-4.7408,-2.6159,-2.1133,-2.8994,-1.4831,0.355,-4.9816,1.0508,-1.0603,-2.6561,1.324,1.1283,-1.2219,1.8331,0.6441,-0.2656,1.1872,0.1406,0.3999,0.1088,0.4897,2.4533,0.4019,0.8263,0.9651,0.7783,0.3228,-0.0138,0.6517,0.9764,0.0
K,-10.8492,0.0,-3.9584,-3.3893,-3.955,-5.4394,-7.2136,-6.0556,-8.3431,-8.1888,-8.348,-5.9975,-4.2025,-6.0606,-3.0785,-3.4205,-0.4187,-1.2191,-2.298,-1.5518,-0.8672,-0.1608,-0.2771,-9.0266,0.6243,-3.351,-6.9756,2.6958,0.1261,-4.3874,-4.3639,-0.7801,-7.291,-8.142,-9.0457,-14.8486,-11.9589,-5.1733,-10.6218,-10.7132,-4.9518,-12.527,-9.1285,-8.3472,-8.7145,-3.492,-6.0459,-12.6522,-5.757,-4.45,-5.8781,-8.263,0.0,-4.1131,-10.5982,-4.266,-0.31,-2.4497,-2.5559,-9.6417,-0.5144,0.0,-7.7758,-7.7193,1.3335,-0.7098,-2.9394,-6.5035,-2.7953,-4.6298,-2.9565,-0.2382,-0.755,-3.438,-2.3303,0.0514,-1.9091,-4.9071,0.1082,-1.263,-3.9791,-4.0591,0.8627,-0.141,-1.7328,1.5135,-1.02,-1.3675,-0.4592,-0.5672,-2.2823,-7.2384,-2.3332,-7.6226,-2.6608,-3.0433,-7.8034,-0.6762,0.0,-5.657,-4.813,3.3801,-7.0846,-8.316,-7.717,-10.6031,-7.1834,-9.047,-7.2457,-6.9906,-7.3554,-1.2299,-11.783,-1.4154,-4.8821,-4.8582,-4.7627,-2.7688,1.9917,-0.758,-0.3339,-9.7974,-6.9857,-3.916,-4.7651,-6.2892,-9.9005,-3.1495,-2.1721,-9.7577,-0.5614,-3.2127,-6.228,-7.8041,-0.0625,-1.5386,0.0255,1.0244,-2.2419,-7.4141,-4.2536,-4.6585,0.6351,0.7566,-5.047,-3.898,0.9054,-7.7242,-2.5751,-0.3533,-1.4774,-5.2961,-5.0861,-1.6853,-0.1806,-5.5217,0.0,-0.5889,-0.6008,-4.8523,-2.9608,-1.3329,-3.8117,-4.0349,-1.3646,-3.5464,-2.32,-1.4837,-0.7992,-0.0057,-2.3021,-1.9112,-1.5445,-2.6914,-6.2338,-3.3031,-6.2952,-6.299,-5.0852,-7.0137,-7.8246,-5.1639,-6.5237,-2.8097,-7.7068,0.0,0.2771,-4.0236,-1.9927,0.2203,-8.7648,-2.2568,0.0,-0.3028,-3.4828,-7.784,1.0116,-3.3422,-8.4396,-9.0224,-1.2105,-4.1328,-6.6198,-2.937,-7.7669,-9.1979,-1.5894,1.2243,-0.72,-6.3339,-7.2778,5.0891,0.0,0.9831,-0.1454,-0.1387,0.0696,-3.9446,-3.2227,-1.8734,-1.7772,-3.1499,-6.3901,-0.59,-0.9515,-3.4528,-1.4345,-0.8508,0.1164,-5.4008,-0.9524,-0.4485,-2.2091,0.2115,-0.5857,0.0828,-0.3397,1.1818,0.2028,1.1979,0.6602,0.5026,-2.2095
M,0.0,-5.5832,-4.6043,-3.9492,-3.1443,-4.1906,-4.428,-4.1479,-3.262,-2.8984,-2.2064,-2.9228,-1.1537,-4.1227,-1.7454,-2.4527,-2.5417,-2.5279,-3.6492,-3.6909,-3.5358,-2.0784,-3.2044,-8.2931,-1.7383,-5.4282,-6.7066,-1.5776,-3.6858,-7.7043,-5.2106,-0.4574,-9.997,-7.5752,-9.2223,-13.4187,-8.7543,1.8044,-1.9071,-10.4263,-3.5088,-2.5845,-9.8136,-7.7809,-9.288,-8.0955,-4.6854,-3.9722,-8.8684,-7.595,-8.4652,-10.3613,-5.1419,-6.805,-5.2838,-8.2354,-0.9142,-4.4255,-0.6195,-2.4479,-2.0254,-3.3411,-7.408,-0.4074,-1.8724,-3.9121,-3.5643,-1.6857,-5.2069,0.0,-5.8783,-2.1975,-2.1641,-1.1061,-3.0971,-2.0338,-0.9424,-0.5577,0.0,-2.1655,-2.1725,-1.1479,-0.7268,-1.6433,-3.0442,-1.0865,-3.3977,-4.3888,-4.2227,-4.3028,-4.6632,-3.0828,-6.0616,-4.4281,-5.1716,-3.0977,-3.6192,-3.3161,-2.5495,-7.4372,-7.22,3.015,-4.2868,-9.9482,-9.0393,-11.5552,-6.8377,-9.3546,-3.5934,-7.2078,-10.4073,-3.4612,-13.2489,-2.3436,-5.9224,-5.173,-8.4372,-7.3625,-1.0637,-2.5395,-2.9706,-6.053,-11.7699,-5.3294,-7.4086,-3.7086,-5.4679,-5.1981,-1.9095,-5.564,-2.693,-5.5874,-5.2876,-4.9067,-4.2817,-4.5839,-3.0305,-1.2834,-3.4079,-2.6043,-6.8271,-2.0071,-1.843,1.7555,-0.0507,-4.0576,-0.6041,-4.8344,-4.4166,-1.585,-2.9179,-6.9965,-3.599,-3.5545,-1.2004,-4.0024,-3.2071,-3.1472,-1.6726,-6.5381,-3.8793,-2.9911,-2.3659,-6.0539,-0.5416,-4.7076,-1.4596,-1.3767,-1.4484,-0.2256,-0.5105,-1.1709,-1.8326,-0.878,-6.4929,-1.6908,-3.3493,-2.6004,0.0236,-1.7772,-2.4074,0.0058,-2.6552,-4.6451,-10.1552,-2.7182,-3.1365,-6.4587,-4.6932,-1.978,-4.4852,-8.1676,-4.2651,-3.6661,-0.5791,-3.7842,-3.6056,-3.5367,-1.5387,-5.0232,-4.1194,-6.6193,-8.9263,-6.743,-3.068,-9.8082,-1.1293,-2.7866,-2.34,-10.284,-5.8744,0.9083,-5.6718,-3.2166,-2.9038,-3.7156,-2.7456,-1.615,-5.7636,-0.7678,-2.6362,-2.9716,-0.9114,-0.5232,-2.5659,0.0,-0.703,-1.939,-0.7791,-1.8791,-1.2214,-1.816,-1.52,0.7299,-1.7586,-1.1877,-0.9431,-1.0544,-1.5914,-1.7031,-0.9589,-1.1798,-2.2425
F,-9.0213,-5.0894,-0.1282,-1.0962,-1.0765,-0.9917,-1.4069,-1.7297,-1.5453,-0.3617,0.0,-0.9637,0.8067,-2.1287,-0.5837,-0.8363,-1.0429,-0.7623,-1.829,-2.4155,-1.0264,0.1795,-2.1301,-1.4936,-2.5705,-5.2707,-6.2233,-2.715,-2.8663,-5.8452,-3.8995,-0.4292,-9.7601,-7.2583,-9.3766,-10.0104,-9.4898,-0.2304,-2.4728,-11.0899,-6.2798,-4.1732,-9.7669,-7.9224,-8.1273,-8.4613,-0.6987,-5.9349,-8.7842,-6.802,-6.2469,-9.5578,-5.8665,-5.9391,-5.2725,-8.9115,0.4543,-3.7446,-4.3957,-1.8043,-1.5388,-3.5949,-8.2132,-0.6957,-1.9913,-4.2795,-3.1156,-0.065,-4.6016,2.1508,-5.7635,-1.4051,-1.0324,0.9609,-3.079,-1.9272,-0.1016,0.0,0.8705,-0.9972,-1.582,-0.0297,-0.181,-0.8796,-2.3841,-0.1673,-1.6419,-3.2525,-3.6589,-3.4005,-1.8882,0.0,-5.1592,-3.9663,-4.437,-2.1148,-2.2423,-3.0814,-1.9846,-4.6571,-5.8004,2.857,-3.4173,-10.1994,-7.5309,-10.9862,-6.6567,-7.6467,-3.9692,-5.9167,-11.0171,-3.0539,-11.9917,0.0,-1.183,0.0,-7.9398,-6.9299,0.546,-1.2881,-0.5148,0.0,-11.3137,-6.5,-6.7742,-4.2452,0.0,-5.7989,-3.9499,-6.5141,-4.3248,-5.8313,-0.6962,0.3008,-3.6291,-3.7605,-1.7526,-1.0174,-2.0304,-1.4334,-5.9504,-1.8357,-0.8283,-2.1539,0.1131,-3.9331,-1.6119,-3.0023,-4.3339,-1.6466,-1.7009,-6.6865,-2.5779,-4.2441,0.3046,-2.8196,-3.0676,-4.3452,-2.2312,-4.5323,-1.8949,-1.5543,0.6905,-4.7773,0.8617,-3.8491,-0.1927,0.6214,-0.4272,0.6493,0.7717,-0.0205,-1.2005,-0.4426,-6.3735,-1.9541,-3.7059,-3.1952,0.5867,-2.1896,-3.0437,-1.8977,0.0,-5.1831,-9.1846,-2.8081,-2.9742,-6.9704,-5.37,-2.0483,-5.02,-8.7355,-4.8026,-3.2835,0.0,-4.5928,-5.7075,-1.7181,0.0,0.0,-4.8604,-5.4072,-10.0943,-7.7843,-1.7983,-9.2548,0.0,-2.7034,-3.2559,-10.0258,0.3352,-0.4062,-6.4141,-3.6616,-3.3192,-3.5104,-2.8851,-0.5585,-6.2963,0.0,-2.0158,-3.1203,0.0,-0.1341,-2.9233,0.5417,-0.2354,-1.8395,-0.5623,-1.1026,-0.7209,-1.2814,-0.7192,0.9877,-0.5654,-0.0248,-0.3271,-0.523,-0.3927,-0.776,-0.3628,0.0461,-1.0269
P,-10.3204,-7.5635,-1.5589,-1.3707,-3.0628,-4.7294,-6.6724,-1.9041,-4.9945,-5.7866,-5.7267,-3.9532,-2.554,-2.7407,-3.1176,-2.1284,-2.6328,1.9609,-0.2283,-0.5529,-0.3374,0.4744,0.5711,-7.4796,-6.2526,0.0,0.0,-2.2749,0.5914,-5.8701,-6.1595,-3.3151,-10.4087,-5.9908,0.0,-14.123,0.0,-3.4079,-6.1524,-9.4175,-5.374,-9.5283,-9.4954,-10.4657,-12.5787,-11.1408,-10.7299,-11.0505,0.0,-6.2711,-8.5205,-9.7279,-7.408,-8.4512,-8.534,-4.3791,0.0447,-0.7868,-6.8338,-9.085,-4.8483,-3.6066,-7.2927,-7.7381,-4.3566,-3.4484,-2.8719,-7.4743,-6.391,-3.7557,-0.761,1.821,-0.8128,-3.5139,-2.1615,-1.8354,-0.8178,-3.1849,-0.1626,-1.0278,-2.068,-4.2779,-0.6097,-0.0858,-0.364,2.1845,1.3336,-0.1181,0.6428,0.2295,-2.7158,-5.2218,-2.6253,-6.7672,-2.6475,-5.5457,-8.5361,-3.2336,-3.8121,-7.7667,-7.3675,-0.7309,-6.3518,-9.9652,-8.4062,-11.2937,-5.6807,-8.0693,-6.5366,-6.9721,-9.8749,-3.3032,-10.5032,-3.1352,-6.742,-6.0117,-5.8003,-3.1658,0.1886,-0.1674,-1.3045,-6.8587,-8.3543,-5.3194,-5.5915,-8.5235,-9.291,-7.2369,-7.9055,-9.2926,-7.8852,-4.4863,-8.6399,-7.8623,-1.9731,-2.4575,0.0,-0.3104,-2.5962,-5.4721,-2.9097,-3.8615,-1.4534,-3.9682,-4.5821,-6.7738,-3.9973,-7.9555,-9.0341,-5.5967,-6.447,-10.7693,-9.1699,-5.5601,-5.0688,-7.7579,-7.2204,-5.3367,-6.8739,-6.5299,0.0,-3.1542,-3.1623,-3.3681,-0.6999,-4.0832,-3.767,-1.7806,-2.0784,-0.386,-2.5399,-2.2381,-2.7128,-1.3979,-6.0334,-2.0295,-3.0598,-1.0703,-2.5229,-4.9052,-6.9485,-2.1494,-7.4732,-3.4071,-7.4103,2.1451,-3.5559,-7.6467,-6.692,-4.8969,-4.3719,0.0,-4.5248,-1.4574,-4.5929,-6.8172,-4.9859,-5.9871,-7.7467,-11.2518,-7.3185,-9.6316,-8.0364,-9.021,-7.2015,0.0,-2.7932,-0.8857,-3.1367,-6.2759,-6.9996,-2.2487,-1.3554,0.3749,-0.8978,-2.2765,1.0067,-1.0401,-3.1272,-1.0923,-2.4298,-6.0482,-7.0574,-2.8696,-3.6321,-4.7739,-2.9866,-3.8533,-2.3787,-4.5985,-3.0628,-2.1006,-2.5364,-0.7078,-0.8835,-0.0275,-0.5682,0.0,0.3507,-0.1122,-0.465,0.551,-1.8553
S,-9.2074,-5.6681,-0.2817,0.455,-1.4966,-2.0915,-3.0275,0.0,-1.5508,-2.3365,-1.6106,0.0,0.5034,-1.6286,-0.1121,0.1434,0.1209,0.2422,-0.9423,0.2872,0.1363,0.0,0.8332,-7.7257,0.0,-2.7693,-4.752,1.2924,0.0,-1.5485,-3.413,1.434,-8.758,0.0,-5.8926,-10.1429,-7.5002,-0.8556,-6.662,-6.9494,0.0,-10.4881,-4.7148,-3.7888,-8.5119,-4.8815,-6.5296,-9.9292,-4.2013,-6.0259,-1.0942,-6.6523,-3.3199,-2.4067,-7.7076,-2.3517,0.5549,-1.1889,-1.6605,-6.4892,0.0,-0.0822,-3.1322,-3.6033,0.5787,-0.1496,0.0429,-4.1021,-2.9244,-2.5289,-1.4608,0.897,0.0,-0.7564,0.0,0.0243,-0.909,-1.1177,2.735,-0.2598,-1.1401,-0.5612,1.1016,0.5531,0.0,3.4426,0.2907,0.1223,0.5325,0.128,-1.2112,-6.2236,0.0,-7.8915,-1.3202,-1.1533,-7.0156,0.0342,-1.2486,-7.0714,-3.8692,1.769,-8.4624,-8.3641,-7.9527,-7.8668,-3.6855,0.0,-6.3237,0.0,-8.9015,-0.6486,-8.5719,0.7544,-3.938,-3.9777,-4.1229,-1.7192,3.3706,0.3858,1.1539,-7.5347,-5.3704,-2.4541,-1.2057,-6.1208,-6.7494,-2.3265,-2.4817,-2.6795,-2.9308,0.0,-4.3289,-4.6198,-0.234,0.2201,1.4753,1.8297,-1.0382,-5.4855,-0.0981,-3.3122,0.4359,0.9546,-2.1869,-1.9994,0.2032,-1.9608,-4.5563,-1.5252,-0.6436,-5.9434,-5.521,-0.9523,-0.2523,0.0,-3.4311,-1.1413,-0.8163,-3.1429,-2.5084,0.1318,-3.2192,-1.5645,0.2282,-1.8193,-0.6725,-0.4641,0.2374,0.9201,-1.6888,0.0,-0.384,0.9774,-4.3822,0.2939,-1.054,-1.3953,-1.5638,-3.445,-4.7725,0.0,-5.0037,-1.8515,-3.7758,0.7188,0.0371,-1.3922,-2.417,0.0,-3.6491,-2.1054,-3.7382,-0.3705,-1.5242,-5.4681,-1.4162,-1.6676,-4.7102,-7.3417,-3.5138,-4.7483,-7.2981,-7.0141,-7.3476,-6.5626,-0.9297,2.0387,-1.5768,-5.9739,-6.2985,2.4565,-2.9635,0.0,0.7116,0.2127,0.0,-3.5614,0.0,-0.7346,-0.1952,-1.1575,-4.1857,0.1454,-0.1012,-1.0799,0.0,0.1548,0.5354,-2.7186,0.0,0.0985,-1.2035,0.982,0.0,1.0973,0.0,0.8937,0.4933,0.0078,1.1005,1.3409,-1.3411
T,-9.8221,-6.5451,-0.3612,0.0,-0.2976,-1.6413,-2.6972,-0.1983,-0.7469,-1.9817,-1.512,-0.7282,0.0687,-2.0489,-0.1064,-0.3572,0.0,0.1565,-0.8757,0.1633,0.0,0.1748,0.7239,-8.2019,0.1916,-3.9242,-5.3488,0.2962,-0.7277,-1.4489,-4.0838,-0.1256,-9.6783,-3.7279,-6.7538,-13.0827,-7.4477,-1.2264,-5.4541,-7.318,1.9306,-10.2004,-7.2781,-5.4815,-9.0535,-6.9307,-6.6559,-8.1566,-5.1672,-6.3638,-3.165,-9.1759,-2.4156,-3.1921,-4.8611,0.0,0.4632,-1.5639,-0.0215,-4.3124,-0.2034,0.0424,-3.7759,-2.4289,0.0,0.0,0.0,-2.9154,-4.8292,-1.8072,-2.5346,0.2834,0.174,0.1109,-0.6324,-0.0841,-0.4205,-0.2901,2.5171,0.0365,-1.2442,-0.7338,1.1516,0.5372,-0.3902,3.773,0.0,0.0,0.0521,0.8128,0.0,-4.8912,-1.462,-6.6667,-1.5381,-1.536,-6.2504,-1.2193,-0.4823,-6.3945,-5.4685,2.8566,-6.1884,-8.1914,-8.3591,-8.9962,-5.0917,-5.009,-5.6381,-1.8928,-9.3561,-1.6616,-9.9562,-0.1457,-4.5642,-4.0158,-6.1568,-2.3462,2.1638,1.2586,1.2499,-7.4601,-7.9973,-3.5398,0.0,-3.7485,-7.6802,-2.5414,-0.888,0.0,-2.8965,-2.3665,-5.0231,-5.2881,0.0,-0.4815,0.2218,1.8851,0.0,-3.7368,0.3024,-2.5735,1.4105,1.5706,-1.5335,-1.7738,0.6759,-3.8122,-3.181,-1.1669,-1.4518,-5.2993,-4.5662,-0.8791,0.0,-1.0333,-2.6884,-0.5231,0.0,-4.0619,-2.332,0.0,-2.8817,-1.5751,0.2045,0.0,-0.3306,-0.5265,-0.0205,1.3168,-0.6837,-0.1292,-0.5865,-0.0747,-4.8572,0.0,-1.5794,-1.2235,-0.2083,-1.9279,-3.7374,1.2476,-3.9547,-1.5243,-6.4626,0.182,0.8073,0.0,-4.4414,0.4657,-2.5416,-3.8786,-2.8159,-1.0798,-0.6651,-3.372,-0.2097,-2.3728,-3.8862,-7.1938,-2.5172,-4.9541,-7.5788,-6.4176,-6.5512,-7.7672,-0.1117,1.236,-1.5315,-7.5593,-6.8326,3.7595,-3.5538,0.1702,1.2908,0.1314,0.2913,-2.4794,0.5364,-0.4239,-0.3428,-0.9889,-3.3864,0.4693,0.2426,-0.1282,0.8345,0.0,0.6025,-2.3981,-0.2846,0.1529,-1.3707,1.2225,-0.4193,0.5996,0.2787,0.4352,0.1328,-0.1241,0.5257,0.825,-2.4979
W,-11.3363,-6.5098,-2.7134,-3.9345,-3.3982,-4.0609,-4.8812,-4.4328,-4.4223,-3.9815,-3.4913,-3.2139,-2.479,-5.6284,-2.7234,-3.3531,-3.0297,-1.3455,-3.1918,-3.383,-2.3925,-1.7301,-3.7761,0.0,-4.7483,-6.8897,-7.8389,-4.2245,-5.1956,-5.6711,-6.1623,-2.7848,-9.2372,-8.6039,-10.9932,-11.8318,-11.5817,-2.1239,-6.0912,-13.2008,-8.267,-7.2257,-11.4215,-9.2108,-10.419,-8.9942,-4.1806,-10.03,-10.1305,-6.6022,-8.6684,-10.0105,-7.2779,-7.8707,-9.1027,-10.5731,-2.1967,-5.8225,-6.7262,-6.014,-3.926,-4.7084,-9.3671,-4.0992,-4.0133,-5.7184,-4.7138,-2.5206,-6.4144,-0.8698,-6.9805,-2.9541,-3.327,-2.713,-4.9528,-3.4454,-3.0271,-3.166,-1.4307,-2.9952,-4.3618,-2.4153,-2.4924,-3.2992,-4.8908,-2.2053,-4.0655,-5.7276,-5.0317,-5.3883,-3.8875,-4.1366,-6.722,-7.3987,-6.3585,-3.5531,-4.9981,-4.326,-4.2678,-7.029,-5.838,0.1225,-6.8248,-11.6931,-10.3577,-12.8511,-8.889,-9.4405,-7.3942,-7.8034,-10.0258,-4.9746,-14.0706,-2.3642,-3.9712,-4.9979,-8.7266,-9.0744,-1.9318,-3.6706,-3.1372,-4.8431,-12.768,-7.4223,-8.7879,-7.081,-2.1533,-6.3019,-5.6323,-7.2625,-5.4381,-7.8865,-4.0851,0.0,-5.7387,-5.3047,-4.1898,-2.2516,-4.427,-5.0869,-7.3726,-4.1996,-2.6207,-3.3357,-2.3618,-5.2835,-3.3236,-5.2703,-5.134,-2.8496,-3.4051,-6.891,-4.6749,-6.3007,-1.3293,-4.7645,-4.9396,-7.1048,-5.1323,-7.2949,-4.2228,-3.7337,-2.3488,-7.1576,-2.162,-6.3334,-2.8514,-2.0823,-2.8711,-1.9757,-2.0433,-2.6043,-2.9013,-2.2817,-7.5796,-3.5131,-5.6097,-5.758,-2.4395,-5.3239,-6.0993,-4.9287,-4.282,-6.2039,-10.0542,-4.4332,-5.4584,-9.0112,-6.8772,-4.4318,-8.7573,-9.5602,-6.1655,-3.876,2.4689,-7.6463,-6.4194,-3.8216,-1.1863,-5.0458,-5.9906,-7.5841,-10.8326,-7.8482,-5.7995,-10.6616,-2.4225,-3.4417,-5.1862,-10.0113,0.0,-1.9409,-7.075,-5.0814,-5.0579,-5.4816,-4.5709,-3.1485,-7.1084,-2.3023,-3.236,-4.5846,-2.9688,-2.0071,-4.5572,-1.8564,-2.325,-3.4181,-2.3329,-3.8064,-2.7331,-3.0294,-2.5217,-1.2503,-2.4219,-1.6333,-2.4783,-1.9364,-1.8401,-1.9041,-1.6026,-0.9317,-2.0772
Y,-10.8287,-4.2922,-1.4356,-2.4605,-1.6972,-3.1317,-4.4225,-3.5209,-3.63,-3.1145,-3.1805,-1.5791,-1.0225,-4.309,-1.1588,-1.5894,-1.4973,-1.5065,-2.1764,-2.2438,-1.1222,0.2854,-2.0107,-1.2759,-2.4819,-5.0838,-6.518,-2.6364,-3.1132,-5.726,-3.6759,-0.9027,-9.4929,-7.8697,-9.4716,-9.7811,-10.5965,-1.3176,-5.9265,-10.2252,-6.4246,-6.3446,-9.4747,-7.4003,-6.8281,-7.4024,0.0,-9.4334,-8.4303,-5.4013,-5.4696,-9.4005,-5.3293,-5.2498,-7.4709,-8.2085,-0.5344,-3.9559,-4.5277,-4.8253,-1.3363,-2.8321,-6.7629,-3.2846,-1.9598,-3.486,-2.2324,-0.2992,-4.5319,0.3035,-5.2663,-1.6431,-2.1417,-1.5723,-3.4214,-2.1533,-1.6163,-1.695,0.5455,-1.4972,-2.655,-0.7212,-0.7753,-1.0385,-2.9069,-0.7322,-2.3264,-3.5234,-3.4972,-3.4652,-1.3341,-3.0459,-4.2013,-6.126,-3.7747,-1.9155,-3.7232,-2.5974,-2.236,-3.9295,-5.1002,2.3921,-5.2279,-10.0654,-6.5409,-9.3308,-7.4844,-8.4381,-5.9889,-6.0225,-10.387,-2.6151,-9.9047,-0.2841,0.0,-2.5867,-7.5912,-5.8802,1.2873,-0.6985,-0.0368,-2.472,-9.2821,-5.7783,-6.9353,-5.5454,-1.4437,-5.112,-4.1468,-6.8967,-4.6962,-5.9848,0.0,-1.9907,-3.8016,-3.4945,-1.8066,-0.5058,-2.0026,-3.6332,-5.0183,-2.8102,-0.8016,-2.2793,-1.3531,-4.1839,-1.8272,-3.574,-3.7283,-2.0255,-1.3737,-6.5265,-2.5699,-4.5568,0.9865,-3.2638,-3.5794,-5.1742,-3.0112,-4.1969,-2.462,-1.6893,0.0,-5.2064,-0.3839,-4.8734,-1.4447,-0.569,-1.1155,-0.0687,-0.4303,-0.9313,-1.4712,-1.1457,-6.3939,-2.0649,-4.2927,-4.4468,0.0,-3.8131,-4.7596,-3.5142,-2.1826,-4.5762,-7.6688,-2.6128,-3.0553,-6.5998,-5.2103,-2.1434,-6.3659,-7.3381,-5.0784,-2.6806,0.3187,-6.1909,-4.7276,0.0,-2.1808,-3.1331,-4.688,-4.0556,-9.3032,-7.0538,-4.0587,-9.8639,0.852,-1.6162,-3.0244,-9.8958,-1.3183,0.0,-5.3694,-3.019,-3.2145,-3.4857,-3.0186,-2.0906,-5.5719,-1.6497,-3.3312,-3.6482,-2.2225,-1.1037,-2.8728,-0.7962,-1.1401,-2.0639,-0.9234,-2.6926,-1.3193,-1.857,-1.3012,0.2763,-1.292,-0.7387,-0.9376,-1.2653,-1.1072,-1.3254,-0.732,-0.539,-1.3733
V,-9.5355,-5.7938,-1.4262,-1.3189,-0.6748,-0.7195,-1.5243,-1.2082,-0.5595,0.0,0.6151,-1.3339,-0.161,-0.9883,0.0,-0.4601,1.0853,-0.0745,-0.6773,-1.022,-0.5876,-0.1334,-0.3818,-7.3763,0.5721,-3.0812,-3.6718,-0.2703,-0.5931,-6.0881,-3.6643,0.2517,-9.7883,-6.3928,-7.4481,-13.0969,-7.7105,0.3805,-2.8396,-8.9481,-1.7946,-5.6421,-6.458,-7.1311,-10.0843,-8.4125,-3.0823,-3.6244,-6.7255,-6.8967,-6.5992,-9.8434,-3.749,-6.7521,-2.297,-6.2615,0.9018,-2.4101,0.0,-1.0475,-0.6593,-2.4366,-4.4352,-0.3852,-1.4833,-2.118,1.0593,-2.8476,-5.2724,0.0827,-3.8131,-0.2835,-0.2995,0.0,-1.0154,-1.1733,0.4472,0.4528,2.664,-0.6825,-0.6998,0.1213,0.5826,0.0147,-1.0408,0.5542,-1.2254,-2.3763,-2.0796,-2.6709,-2.2294,-1.7684,-3.5631,-4.4683,-2.5798,-2.1336,-3.7011,-1.6707,-0.2875,-6.151,-6.2149,4.8838,-2.0708,-7.6484,-8.4614,-9.6122,-4.6375,-7.9254,-3.7362,-6.2058,-10.0942,-2.9671,-10.5685,-0.2334,-4.8031,-4.447,-7.6772,-5.4105,0.0,-0.4905,-0.2972,-5.166,-9.1595,-4.5076,-5.308,-1.3505,-5.3516,-4.9452,-1.7272,-4.91,-2.4084,-4.9742,-5.5027,-4.9235,-2.3493,-3.29,-1.0119,0.0,-0.6759,-0.3668,-6.8229,-0.4763,0.9197,-0.6581,0.754,-1.6821,1.0563,-3.7626,-3.6788,-0.5742,-1.6736,-6.7431,-1.4164,-1.8435,0.3861,-1.7696,-2.6369,-1.5731,-0.1722,-5.4947,-2.4578,-1.2571,-1.6173,-4.0362,0.3402,-3.04,-0.3251,0.0,-0.3635,0.8848,0.7633,0.2618,-0.8844,0.1548,-5.4078,-0.7724,-2.1504,-0.9689,1.8097,-0.0543,-1.7226,1.3001,-1.6938,-2.4241,-8.4386,-0.7431,0.0,-6.1461,-6.4156,-0.4146,0.0,-6.6719,-2.6532,-1.1567,-0.1509,0.0,-2.6394,-2.8295,-2.4016,-4.9571,-2.3355,-5.9238,-7.4031,-5.7666,-3.9086,-8.4191,0.1857,-1.0978,-1.8198,-8.6442,-6.1348,3.4886,-4.6022,-0.8637,-1.3495,-1.8084,-1.0112,-0.0775,-4.5253,0.5777,-1.1989,-2.4488,0.2648,1.2574,-0.9916,1.5581,0.7278,-0.4201,0.6899,0.0,0.1461,-0.0708,-0.5283,2.7214,-0.0443,0.63,0.8097,0.3945,0.438,0.1087,0.7235,0.5173,-0.7981
