,mutations,LLR
0,S61I+T65K+T88N+H143T+Y212K,7.4708
1,L174A,1.8642
2,S29A+A32V+G57A,4.2953
3,F195W,1.4091
4,I64W,-3.3083
5,S61I+T65K+S75A+H143T+Q236L,3.7804
6,H143Q+F220L+F223L,6.381
7,G57L+M79F+F220L,3.9103
8,L38M+I64L+S182V,5.7438
9,H143Q+F220L,3.685
10,L38M+I64L+Y212K,8.4445
11,A32V+R239A,3.8471
12,S41A+T65K+S75A+H143T+Y212K,7.9078
13,M79F+H143T+F220L,4.7778
14,L38M+S182V,4.4265
15,V138T,2.2813
16,S182V,2.0541
17,I64C,-4.0097
18,H208D,1.7713
19,S41A+T65K+S75A+H143T+Q236L,4.2819
20,T88K+S93F+H143T+Y212K,0.9701
21,R83A,1.4797
22,S61I+Y212K,4.3671
23,S41A+S61I+T65K+H143T+Q236L,3.2962
24,F223L,2.696
25,N169Q,1.3712
26,S41A+S61I+T65K+S75A+Y212K,5.4567
27,S41A+S61F+Y212K,3.2312
28,S41A+S75A+H143T+Q236L,3.9041
29,L174W,-2.5858
30,S182I,0.7185
31,H143T,2.0634
32,F223C,-3.9881
33,S41A+S61I+T65K+S75A+D222H+Q236L,-2.581
34,G57L+H143Q,3.5107
35,S75A+H143T+F200L+Y212K+Q236L,3.8972
36,I64F,0.148
37,G234A,1.6106
38,S41A+S61I+T65K+H143T+Y212K,6.9221
39,S41A+S75A+T88N+Y212K,6.1291
40,S41A+S61I+T65K+Y212K,4.8587
41,F220V,0.6062
42,Y212K+F220L,6.125
43,A32V+Q236L,3.0981
44,M70L,1.1781
45,S61I+T65K+Y212K+Q236L,5.8738
46,T65K+T88N+H143T,3.1037
47,P238K,0.9384
48,M79V,2.0237
49,T88N+Q236L,1.7914
50,T65K+T88N,1.0403
51,R239A,1.8779
52,S190T,1.5376
53,T65K+Q236L,1.5067
54,S75A+Q236L,1.7269
55,F78L,0.7935
56,G57L+H143Q+S217P,5.8476
57,Q120N,1.0822
58,S75A+T88N+H143T+Q236L,4.4528
59,I64L+Y212K,6.0721
60,S75A+T88N+H143T+Y212K+Q236L,9.2076
61,T87G,1.4168
62,M70F+H143T,2.8725
63,S61I+S75T+T88N+H143T+Y212K+Q236L,7.3141
64,A32V,1.9692
65,S29P+L174A+Q236L,4.5867
66,E165L,2.4449
67,F220W,-2.4041
68,V138T+Q236L,3.4102
69,L82A,3.2149
70,Q236S,1.375
71,T67A+S182V+Y212K,8.7715
72,H143T+L174P+Q236L,1.9198
73,S182M,-0.5849
74,F220P,-1.2777
75,S41A+S61I+T65K+S75A+H143T+Y212K,7.5201
76,Q236L,1.1289
77,F223I,2.3916
78,L82G,2.7393
79,T65K+H143T+Y212K,7.196
80,I64D,-7.775
81,M79F+S217P,3.6811
82,S41A+T65K+S75A+T88N+Y212K,6.5069
83,Y212T,4.3986
84,F207Y,0.6101
85,M79F+H143T,3.4076
86,S29P+H143Q+S217P,6.2453
87,L38M+S182V+Y212K,9.1813
88,F223V,2.1959
89,S75A+R239A,2.4759
90,S75A+H143T+Y212K+Q236L,8.5451
91,T65K+H143Q+S217P,5.0295
92,S41A+S61T+Y212K,5.1926
93,S29P+Q236L,2.7225
94,E20D,0.093
95,I64L+S182V,3.3714
96,M70I,0.9096
97,S182A,1.7918
98,L174Q,-1.0712
99,S41A+S61I+T65K+S75A+H143T+Q236L,3.8942
100,S61I+T88N+Y212K+Q236L,6.1585
101,M79F+F220L,2.7144
102,T87P,1.3213
103,S29A+G57A+S214P,4.4322
104,S61I+T88N+H143T+Q236L,3.4671
105,F220A,0.3873
106,S29A+G57A,2.3261
107,L174A+Q236L,2.9931
108,G57L+T65K+F220L,2.9439
109,S61I+T88N+H143T+Y212K+Q236L,8.2219
110,S214P,2.1061
111,V230I,0.6703
112,P238R,0.8789
113,S61I+T65K+S75A+Q236L,1.717
114,S61I+T65K+H143T+Y212K+Q236L,7.9372
115,T65K+S75A+T88N+H143T+Y212K,8.4565
116,G234V,0.496
117,I64Y,-2.6373
118,L38M+T67A+Y212K,9.0898
119,M79T,1.7214
120,S41A+S75A+Y212K+Q236L,6.5955
121,S61I+T65K+S75A+Y212K,5.3429
122,Y163F,1.7737
123,T65K+T88N+Y212K,5.7951
124,G102I,1.1134
125,S61I+S75A+H143T+Q236L,3.4026
126,T65K+H143T,2.4412
127,T65K+H143Q+F223L,5.3886
128,L174A+R239A,3.7421
129,G57A+V230I,1.8503
130,S41A+T65K+T88N+H143T+Y212K,7.9723
131,S41A+H143T,2.1772
132,S61I+T65K+S75A+T88N+H143T,3.314
133,T65K+F223L,3.0738
134,R239S,1.2822
135,G102V,1.84
136,S29A,1.1461
137,H143T+S217P,4.4003
138,S29P+T65K+Q236L,3.1003
139,L174I,0.1674
140,S41A+S61I+T65K+S75A+T88N+Y212K,6.1192
141,S41A+S61I+T65K+H143T+Y212K+Q236L,8.051
142,S75A+L174A+R239A,4.3401
143,S41A+S61I+T65K+Y212K+Q236L,5.9876
144,S61I+T65K+T88N+Y212K,5.4074
145,S41A+T65K+H143T+Y212K,7.3098
146,I64L+T67A,3.2799
147,S41A+S61I+S75A+H143T+Y212K,7.1423
148,S182W,-4.3748
149,M79F+H143Q+S217P,5.9959
150,S75A+V138T+R239A,4.7572
151,N150A,2.1842
152,G57L+M79F,2.5401
153,S29A+R239A,3.024
154,S182E,-3.0495
155,T65K+H143Q,2.6926
156,F220L,1.3702
157,S29A+A32V+S214P,5.2214
158,L174D,-0.5439
159,L38M+I64L,3.6897
160,L174K,-2.3041
161,G57L,1.1959
162,M70F+F220L,2.1793
163,S75A+Y212K,5.3528
164,V138T+L174A,4.1455
165,G57A,1.18
166,S75A+V138T,2.8793
167,M70F,0.8091
168,S214R,0.7854
169,G57L+T65K+F223L,4.2697
170,G57A+R239S,2.4622
171,M70G,-3.62
172,S41A+H143T+Q236L,3.3061
173,L174F,-0.2363
174,M70A,-1.1497
175,F220S,-0.745
176,L38M+T67A+S182V,6.3891
177,A32V+S214P,4.0753
178,T88N+Y212K+Q236L,6.5462
179,L38M,2.3724
180,S41A+S61I+S75A+Y212K,5.0789
181,Y212K,4.7548
182,N150L,3.3881
183,T65K+V138T,2.6591
184,H143T+F220L,3.4336
185,S41A+S61I+S75A+T88N+H143T,3.05
186,L174G,3.4436
187,I64A,-2.2029
188,S29P+T65K,1.9714
189,S29P+F223L,4.2896
190,T65K+Y212K+Q236L,6.2615
191,S41A+T65K+T88N+H143T+Y212K+Q236L,9.1012
192,H143T+Y212K,6.8182
193,I86S,1.5565
194,S29P+G57L,2.7895
195,S41A+S75A+H143T+Y212K+Q236L,8.6589
196,S29A+A32V+R239A,4.9932
197,L174S,1.1457
198,G57L+M79F+H143T,4.6035
199,A32V+S75A,2.5672
200,L38M+Y212K,7.1272
201,A121S,1.1966
202,S182V+Y212K,6.8089
203,F220R,-2.3086
204,S182Y,-2.632
205,S41A+T65K+H143T+Y212K+Q236L,8.4387
206,S182L,0.6092
207,S61I+T88N+H143T+Y212K,7.093
208,I64L,1.3173
209,A32V+L174A+Q236L,4.9623
210,A171F,1.7802
211,E165I,1.4477
212,S41A+Y212K+Q236L,5.9975
213,S182R,-4.1196
214,F220E,-1.2788
215,H143Q,2.3148
216,T65K+S75A+Y212K+Q236L,6.8595
217,M79A,1.9309
218,M79L,1.5684
219,G57L+F223L,3.8919
220,S61I+Y212K+Q236L,5.496
221,T88N+H143T+Y212K,7.4807
222,I64L+T67A+H143T,5.3433
223,N169A,0.7389
224,T65K+T88N+Y212K+Q236L,6.924
225,S182C,-1.8936
226,T65K+S75A+H143T+Y212K+Q236L,8.9229
227,S41A+S61I+Q236L,0.855
228,L38M+T67A,4.335
229,R83S,1.187
230,T65K+S75A,0.9758
231,F114A,1.1379
232,V119D,3.1444
233,S41A+T65K+T88N+Y212K+Q236L,7.0378
234,S217P,2.3369
235,T65K+H143T+Q236L,3.5701
236,I64L+T67A+F220L,4.6501
237,S29P,1.5936
238,T67A+S182V,4.0167
239,S41A+S75A+Q236L,1.8407
240,S41A+T88N+Y212K,5.5311
241,N84T,0.641
242,S41A+T65K+S75A,1.0896
243,T65K,0.3778
244,S29P+V138T+Q236L,5.0038
245,S41A+T88N+H143T+Q236L,3.9686
246,M70F+S217P+F220L,4.5162
247,T67A,1.9626
248,M70E,-4.9141
249,S61I+T88N+I140T+Q236L,0.799
250,E20Q,0.6427
251,S61I+S75A+A76V+H143T+Y212K,5.4955
252,S41A+T65K+S75A+H143T,3.153
253,S217P+F223L,5.0329
254,S41A+S75A+T88N,1.3743
255,G57L+H143Q+F223L,6.2067
256,S29P+T65K+V138T,4.2527
257,N84P,1.2416
258,S75A+L174A,2.4622
259,V119N,4.8126
260,T65K+S75A+H143T+Y212K,7.794
261,S61I+T65K+S75A+T88N+H143T+Y212K+Q236L,9.1977
262,S29A+S214P,3.2522
263,T65K+S75A+H143T+Q236L,4.1681
264,T88N+H143T+Y212K+Q236L,8.6096
265,S61I+S75A+H143T+Y212K+Q236L,8.1574
266,H143A,2.2793
267,A32V+S214P+R239A,5.9532
268,L174V,0.1643
269,S75A+V138T+L174A,4.7435
270,S61I+T65K+S75A+T88N,1.2506
271,S61I+T65K+S75A+H143T+Y212K+Q236L,8.5352
272,S41A+T65K+Y212K+Q236L,6.3753
273,S29A+S214P+R239A,5.1301
274,E90D,0.3554
275,S41A+T65K+Y212K,5.2464
276,A121T,1.1339
277,S41A+S61I+H143T,1.7895
278,T65K+S75A+T88N+Y212K,6.3931
279,I64L+S182V+Y212K,8.1262
280,T65K+S75A+T88N+Y212K+Q236L,7.522
281,I86N,2.2822
