resnum,mutations,LLR_esm2-650m,LLR_esmc-600m,LLR_poet2,min_dist_to_lig,kd_hydro,hw_polarity,aa_vol,wt_aa,mt_aa,LLR_consensus,LLR_avg,selection_rank
38,L38M,3.2291,1.8044,2.3724,7.229,3.8,-1.8,124.0,L,M,3,2.4686333333333335,1
223,F223L,3.3137,1.324,2.696,3.808,2.8,-2.5,135.0,F,L,3,2.4445666666666668,2
182,S182V,3.6627,1.3001,2.0541,7.017,-0.8,0.3,73.0,S,V,3,2.3389666666666664,3
174,L174G,0.6765,2.547,3.4436,3.404,3.8,-1.8,124.0,L,G,3,2.2223666666666664,4
171,A171F,3.6861,0.7717,1.7802,6.76,1.8,-0.5,67.0,A,F,3,2.0793333333333335,5
79,M79A,0.8967,3.3963,1.9309,6.831,1.9,-1.3,124.0,M,A,3,2.0746333333333333,6
79,M79V,1.2959,2.664,2.0237,6.831,1.9,-1.3,124.0,M,V,3,1.9945333333333333,7
38,L38A,1.4331,3.0223,1.5148,7.229,3.8,-1.8,124.0,L,A,3,1.9900666666666667,8
182,S182A,2.3185,1.6418,1.7918,7.017,-0.8,0.3,73.0,S,A,3,1.9173666666666664,9
223,F223I,2.6176,0.7193,2.3916,3.808,2.8,-2.5,135.0,F,I,3,1.9095000000000002,10
79,M79T,1.2334,2.5171,1.7214,6.831,1.9,-1.3,124.0,M,T,3,1.8239666666666665,11
174,L174A,0.6266,2.6991,1.8642,3.404,3.8,-1.8,124.0,L,A,3,1.7299666666666669,12
223,F223V,2.4274,0.2648,2.1959,3.808,2.8,-2.5,135.0,F,V,3,1.6293666666666666,13
38,L38G,0.2584,2.5209,2.0325,7.229,3.8,-1.8,124.0,L,G,3,1.6039333333333332,14
182,S182I,2.954,1.0999,0.7185,7.017,-0.8,0.3,73.0,S,I,3,1.5908,15
70,M70L,1.822,1.1637,1.1781,4.223,1.9,-1.3,124.0,M,L,3,1.3879333333333335,16
70,M70F,1.0035,2.1508,0.8091,4.223,1.9,-1.3,124.0,M,F,3,1.3211333333333333,17
220,F220L,1.0306,1.0508,1.3702,6.364,2.8,-2.5,135.0,F,L,3,1.1505333333333334,18
64,I64L,0.9231,1.0205,1.3173,5.148,4.5,-1.8,124.0,I,L,3,1.0869666666666666,19
171,A171L,1.4032,1.2558,0.2175,6.76,1.8,-0.5,67.0,A,L,3,0.9588333333333332,20
78,F78L,0.8075,0.6072,0.7935,4.581,2.8,-2.5,135.0,F,L,3,0.7360666666666665,21
70,M70I,0.5772,0.6637,0.9096,4.223,1.9,-1.3,124.0,M,I,3,0.7168333333333333,22
75,S75A,0.802,0.6938,0.598,4.784,-0.8,0.3,73.0,S,A,3,0.6979333333333333,23
219,S219T,0.6926,0.5364,0.6275,7.989,-0.8,0.3,73.0,S,T,3,0.6188333333333333,24
74,V74L,0.7472,0.5728,0.3253,2.937,4.2,-1.5,105.0,V,L,3,0.5484333333333332,25
220,F220V,0.1237,0.5777,0.6062,6.364,2.8,-2.5,135.0,F,V,3,0.4358666666666666,26
220,F220A,0.1339,0.3538,0.3873,6.364,2.8,-2.5,135.0,F,A,3,0.2916666666666667,27
78,F78A,0.2121,0.2574,0.0959,4.581,2.8,-2.5,135.0,F,A,3,0.18846666666666667,28
174,L174V,0.1302,0.1548,0.1643,3.404,3.8,-1.8,124.0,L,V,3,0.1497666666666667,29
76,A76S,0.068,0.0243,0.1021,6.158,1.8,-0.5,67.0,A,S,3,0.06480000000000001,30
77,A77L,1.1944,0.9792,-0.224,3.937,1.8,-0.5,67.0,A,L,2,0.6498666666666667,31
171,A171I,0.8262,1.2028,-0.2583,6.76,1.8,-0.5,67.0,A,I,2,0.5902333333333333,32
178,A178L,2.5912,-1.6248,0.3642,4.179,1.8,-0.5,67.0,A,L,2,0.4435333333333334,33
78,F78V,0.7173,0.4528,-0.0005,4.581,2.8,-2.5,135.0,F,V,2,0.38986666666666675,34
77,A77V,0.8005,0.4472,-0.3471,3.937,1.8,-0.5,67.0,A,V,2,0.3002,35
81,A81G,0.5232,-0.3721,0.4796,6.171,1.8,-0.5,67.0,A,G,2,0.21023333333333336,36
77,A77I,0.6454,0.6549,-0.7949,3.937,1.8,-0.5,67.0,A,I,2,0.16846666666666665,37
80,A80G,0.6204,-0.4661,0.0196,4.438,1.8,-0.5,67.0,A,G,2,0.057966666666666646,38
80,A80T,-0.2316,0.0365,0.2989,4.438,1.8,-0.5,67.0,A,T,2,0.0346,39
