mutation,position,is_mut,fitted coefficient
M1A,1.0,1,0.0
M1R,1.0,1,0.0
M1N,1.0,1,0.0
M1D,1.0,1,0.0
M1C,1.0,1,0.0
M1Q,1.0,1,0.0
M1E,1.0,1,0.0
M1G,1.0,1,0.0
M1H,1.0,1,0.0
M1I,1.0,1,0.0
M1L,1.0,1,0.0
M1K,1.0,1,0.0
M1M,1.0,0,0.0
M1F,1.0,1,0.0
M1P,1.0,1,0.0
M1S,1.0,1,0.0
M1T,1.0,1,0.0
M1W,1.0,1,0.0
M1Y,1.0,1,0.0
M1V,1.0,1,0.0
K2A,2.0,1,0.0
K2R,2.0,1,0.0
K2N,2.0,1,0.0
K2D,2.0,1,0.0
K2C,2.0,1,0.0
K2Q,2.0,1,0.0
K2E,2.0,1,0.0
K2G,2.0,1,0.0
K2H,2.0,1,0.0
K2I,2.0,1,0.0
K2L,2.0,1,0.0
K2K,2.0,0,0.0
K2M,2.0,1,0.0
K2F,2.0,1,0.0
K2P,2.0,1,0.0
K2S,2.0,1,0.0
K2T,2.0,1,0.0
K2W,2.0,1,0.0
K2Y,2.0,1,0.0
K2V,2.0,1,0.0
L3A,3.0,1,0.0
L3R,3.0,1,0.0
L3N,3.0,1,0.0
L3D,3.0,1,0.0
L3C,3.0,1,0.0
L3Q,3.0,1,0.0
L3E,3.0,1,0.0
L3G,3.0,1,0.0
L3H,3.0,1,0.0
L3I,3.0,1,0.0
L3L,3.0,0,0.0
L3K,3.0,1,0.0
L3M,3.0,1,0.0
L3F,3.0,1,0.0
L3P,3.0,1,0.0
L3S,3.0,1,0.0
L3T,3.0,1,0.0
L3W,3.0,1,0.0
L3Y,3.0,1,0.0
L3V,3.0,1,0.0
T4A,4.0,1,0.0
T4R,4.0,1,0.0
T4N,4.0,1,0.0
T4D,4.0,1,0.0
T4C,4.0,1,0.0
T4Q,4.0,1,0.0
T4E,4.0,1,0.0
T4G,4.0,1,0.0
T4H,4.0,1,0.0
T4I,4.0,1,0.0
T4L,4.0,1,0.0
T4K,4.0,1,0.0
T4M,4.0,1,0.0
T4F,4.0,1,0.0
T4P,4.0,1,0.0
T4S,4.0,1,0.0
T4T,4.0,0,0.0
T4W,4.0,1,0.0
T4Y,4.0,1,0.0
T4V,4.0,1,0.0
L5A,5.0,1,0.0
L5R,5.0,1,0.0
L5N,5.0,1,0.0
L5D,5.0,1,0.0
L5C,5.0,1,0.0
L5Q,5.0,1,0.0
L5E,5.0,1,0.0
L5G,5.0,1,0.0
L5H,5.0,1,0.0
L5I,5.0,1,0.0
L5L,5.0,0,0.0
L5K,5.0,1,0.0
L5M,5.0,1,0.0
L5F,5.0,1,0.0
L5P,5.0,1,0.0
L5S,5.0,1,0.0
L5T,5.0,1,0.0
L5W,5.0,1,0.0
L5Y,5.0,1,0.0
L5V,5.0,1,0.0
L6A,6.0,1,0.0
L6R,6.0,1,0.0
L6N,6.0,1,0.0
L6D,6.0,1,0.0
L6C,6.0,1,0.0
L6Q,6.0,1,0.0
L6E,6.0,1,0.0
L6G,6.0,1,0.0
L6H,6.0,1,0.0
L6I,6.0,1,0.0
L6L,6.0,0,0.0
L6K,6.0,1,0.0
L6M,6.0,1,0.0
L6F,6.0,1,0.0
L6P,6.0,1,0.0
L6S,6.0,1,0.0
L6T,6.0,1,0.0
L6W,6.0,1,0.0
L6Y,6.0,1,0.0
L6V,6.0,1,0.0
L7A,7.0,1,0.0
L7R,7.0,1,0.0
L7N,7.0,1,0.0
L7D,7.0,1,0.0
L7C,7.0,1,0.0
L7Q,7.0,1,0.0
L7E,7.0,1,0.0
L7G,7.0,1,0.0
L7H,7.0,1,0.0
L7I,7.0,1,0.0
L7L,7.0,0,0.0
L7K,7.0,1,0.0
L7M,7.0,1,0.0
L7F,7.0,1,0.0
L7P,7.0,1,0.0
L7S,7.0,1,0.0
L7T,7.0,1,0.0
L7W,7.0,1,0.0
L7Y,7.0,1,0.0
L7V,7.0,1,0.0
S8A,8.0,1,0.0
S8R,8.0,1,0.0
S8N,8.0,1,0.0
S8D,8.0,1,0.0
S8C,8.0,1,0.0
S8Q,8.0,1,0.0
S8E,8.0,1,0.0
S8G,8.0,1,0.0
S8H,8.0,1,0.0
S8I,8.0,1,0.0
S8L,8.0,1,0.0
S8K,8.0,1,0.0
S8M,8.0,1,0.0
S8F,8.0,1,0.0
S8P,8.0,1,0.0
S8S,8.0,0,0.0
S8T,8.0,1,0.0
S8W,8.0,1,0.0
S8Y,8.0,1,0.0
S8V,8.0,1,0.0
A9A,9.0,0,0.0
A9R,9.0,1,0.0
A9N,9.0,1,0.0
A9D,9.0,1,0.0
A9C,9.0,1,0.0
A9Q,9.0,1,0.0
A9E,9.0,1,0.0
A9G,9.0,1,0.0
A9H,9.0,1,0.0
A9I,9.0,1,0.0
A9L,9.0,1,0.0
A9K,9.0,1,0.0
A9M,9.0,1,0.0
A9F,9.0,1,0.0
A9P,9.0,1,0.0
A9S,9.0,1,0.0
A9T,9.0,1,0.0
A9W,9.0,1,0.0
A9Y,9.0,1,0.0
A9V,9.0,1,0.0
V10A,10.0,1,0.0
V10R,10.0,1,0.0
V10N,10.0,1,0.0
V10D,10.0,1,0.0
V10C,10.0,1,0.0
V10Q,10.0,1,0.0
V10E,10.0,1,0.0
V10G,10.0,1,0.0
V10H,10.0,1,0.0
V10I,10.0,1,0.0
V10L,10.0,1,0.0
V10K,10.0,1,0.0
V10M,10.0,1,0.0
V10F,10.0,1,0.0
V10P,10.0,1,0.0
V10S,10.0,1,0.0
V10T,10.0,1,0.0
V10W,10.0,1,0.0
V10Y,10.0,1,0.0
V10V,10.0,0,0.0
F11A,11.0,1,0.0
F11R,11.0,1,0.0
F11N,11.0,1,0.0
F11D,11.0,1,0.0
F11C,11.0,1,0.0
F11Q,11.0,1,0.0
F11E,11.0,1,0.0
F11G,11.0,1,0.0
F11H,11.0,1,0.0
F11I,11.0,1,0.0
F11L,11.0,1,0.0
F11K,11.0,1,0.0
F11M,11.0,1,0.0
F11F,11.0,0,0.0
F11P,11.0,1,0.0
F11S,11.0,1,0.0
F11T,11.0,1,0.0
F11W,11.0,1,0.0
F11Y,11.0,1,0.0
F11V,11.0,1,0.0
S12A,12.0,1,0.0
S12R,12.0,1,0.0
S12N,12.0,1,0.0
S12D,12.0,1,0.0
S12C,12.0,1,0.0
S12Q,12.0,1,0.0
S12E,12.0,1,0.0
S12G,12.0,1,0.0
S12H,12.0,1,0.0
S12I,12.0,1,0.0
S12L,12.0,1,0.0
S12K,12.0,1,0.0
S12M,12.0,1,0.0
S12F,12.0,1,0.0
S12P,12.0,1,0.0
S12S,12.0,0,0.0
S12T,12.0,1,0.0
S12W,12.0,1,0.0
S12Y,12.0,1,0.0
S12V,12.0,1,0.0
G13A,13.0,1,0.0
G13R,13.0,1,0.0
G13N,13.0,1,0.0
G13D,13.0,1,0.0
G13C,13.0,1,0.0
G13Q,13.0,1,0.0
G13E,13.0,1,0.0
G13G,13.0,0,0.0
G13H,13.0,1,0.0
G13I,13.0,1,0.0
G13L,13.0,1,0.0
G13K,13.0,1,0.0
G13M,13.0,1,0.0
G13F,13.0,1,0.0
G13P,13.0,1,0.0
G13S,13.0,1,0.0
G13T,13.0,1,0.0
G13W,13.0,1,0.0
G13Y,13.0,1,0.0
G13V,13.0,1,0.0
A14A,14.0,0,0.0
A14R,14.0,1,0.0
A14N,14.0,1,0.0
A14D,14.0,1,0.0
A14C,14.0,1,0.0
A14Q,14.0,1,0.0
A14E,14.0,1,0.0
A14G,14.0,1,0.0
A14H,14.0,1,0.0
A14I,14.0,1,0.0
A14L,14.0,1,0.0
A14K,14.0,1,0.0
A14M,14.0,1,0.0
A14F,14.0,1,0.0
A14P,14.0,1,0.0
A14S,14.0,1,0.0
A14T,14.0,1,0.0
A14W,14.0,1,0.0
A14Y,14.0,1,0.0
A14V,14.0,1,0.0
V15A,15.0,1,0.0
V15R,15.0,1,0.0
V15N,15.0,1,0.0
V15D,15.0,1,0.0
V15C,15.0,1,0.0
V15Q,15.0,1,0.0
V15E,15.0,1,0.0
V15G,15.0,1,0.0
V15H,15.0,1,0.0
V15I,15.0,1,0.0
V15L,15.0,1,0.0
V15K,15.0,1,0.0
V15M,15.0,1,0.0
V15F,15.0,1,0.0
V15P,15.0,1,0.0
V15S,15.0,1,0.0
V15T,15.0,1,0.0
V15W,15.0,1,0.0
V15Y,15.0,1,0.0
V15V,15.0,0,0.0
A16A,16.0,0,0.0
A16R,16.0,1,0.0
A16N,16.0,1,0.0
A16D,16.0,1,0.0
A16C,16.0,1,0.0
A16Q,16.0,1,0.0
A16E,16.0,1,0.0
A16G,16.0,1,0.0
A16H,16.0,1,0.0
A16I,16.0,1,0.0
A16L,16.0,1,0.0
A16K,16.0,1,0.0
A16M,16.0,1,0.0
A16F,16.0,1,0.0
A16P,16.0,1,0.0
A16S,16.0,1,0.0
A16T,16.0,1,0.0
A16W,16.0,1,0.0
A16Y,16.0,1,0.0
A16V,16.0,1,0.0
T17A,17.0,1,0.0
T17R,17.0,1,0.0
T17N,17.0,1,0.0
T17D,17.0,1,0.0
T17C,17.0,1,0.0
T17Q,17.0,1,0.0
T17E,17.0,1,0.0
T17G,17.0,1,0.0
T17H,17.0,1,0.0
T17I,17.0,1,0.0
T17L,17.0,1,0.0
T17K,17.0,1,0.0
T17M,17.0,1,0.0
T17F,17.0,1,0.0
T17P,17.0,1,0.0
T17S,17.0,1,0.0
T17T,17.0,0,0.0
T17W,17.0,1,0.0
T17Y,17.0,1,0.0
T17V,17.0,1,0.0
L18A,18.0,1,0.0
L18R,18.0,1,0.0
L18N,18.0,1,0.0
L18D,18.0,1,0.0
L18C,18.0,1,0.0
L18Q,18.0,1,0.0
L18E,18.0,1,0.0
L18G,18.0,1,0.0
L18H,18.0,1,0.0
L18I,18.0,1,0.0
L18L,18.0,0,0.0
L18K,18.0,1,0.0
L18M,18.0,1,0.0
L18F,18.0,1,0.0
L18P,18.0,1,0.0
L18S,18.0,1,0.0
L18T,18.0,1,0.0
L18W,18.0,1,0.0
L18Y,18.0,1,0.0
L18V,18.0,1,0.0
A19A,19.0,0,0.0
A19R,19.0,1,0.0
A19N,19.0,1,0.0
A19D,19.0,1,0.0
A19C,19.0,1,0.0
A19Q,19.0,1,0.0
A19E,19.0,1,0.0
A19G,19.0,1,0.0
A19H,19.0,1,0.0
A19I,19.0,1,0.0
A19L,19.0,1,0.0
A19K,19.0,1,0.0
A19M,19.0,1,0.0
A19F,19.0,1,0.0
A19P,19.0,1,0.0
A19S,19.0,1,0.0
A19T,19.0,1,0.0
A19W,19.0,1,0.0
A19Y,19.0,1,0.0
A19V,19.0,1,0.0
E20A,20.0,1,0.0
E20R,20.0,1,0.0
E20N,20.0,1,0.0
E20D,20.0,1,-0.034549616277217865
E20C,20.0,1,0.0
E20Q,20.0,1,0.16244101524353027
E20E,20.0,0,-0.12789134681224823
E20G,20.0,1,0.0
E20H,20.0,1,0.0
E20I,20.0,1,0.0
E20L,20.0,1,0.0
E20K,20.0,1,0.0
E20M,20.0,1,0.0
E20F,20.0,1,0.0
E20P,20.0,1,0.0
E20S,20.0,1,0.0
E20T,20.0,1,0.0
E20W,20.0,1,0.0
E20Y,20.0,1,0.0
E20V,20.0,1,0.0
T21A,21.0,1,0.0
T21R,21.0,1,0.0
T21N,21.0,1,0.0
T21D,21.0,1,0.0
T21C,21.0,1,0.0
T21Q,21.0,1,0.0
T21E,21.0,1,0.0
T21G,21.0,1,0.0
T21H,21.0,1,0.0
T21I,21.0,1,0.0
T21L,21.0,1,0.0
T21K,21.0,1,0.0
T21M,21.0,1,0.0
T21F,21.0,1,0.0
T21P,21.0,1,0.0
T21S,21.0,1,0.0
T21T,21.0,0,0.0
T21W,21.0,1,0.0
T21Y,21.0,1,0.0
T21V,21.0,1,0.0
S22A,22.0,1,0.0
S22R,22.0,1,0.0
S22N,22.0,1,0.0
S22D,22.0,1,0.0
S22C,22.0,1,0.0
S22Q,22.0,1,0.0
S22E,22.0,1,0.0
S22G,22.0,1,0.0
S22H,22.0,1,0.0
S22I,22.0,1,0.0
S22L,22.0,1,0.0
S22K,22.0,1,0.0
S22M,22.0,1,0.0
S22F,22.0,1,0.0
S22P,22.0,1,0.0
S22S,22.0,0,0.0
S22T,22.0,1,0.0
S22W,22.0,1,0.0
S22Y,22.0,1,0.0
S22V,22.0,1,0.0
E23A,23.0,1,0.0
E23R,23.0,1,0.0
E23N,23.0,1,0.0
E23D,23.0,1,0.0
E23C,23.0,1,0.0
E23Q,23.0,1,0.0
E23E,23.0,0,0.0
E23G,23.0,1,0.0
E23H,23.0,1,0.0
E23I,23.0,1,0.0
E23L,23.0,1,0.0
E23K,23.0,1,0.0
E23M,23.0,1,0.0
E23F,23.0,1,0.0
E23P,23.0,1,0.0
E23S,23.0,1,0.0
E23T,23.0,1,0.0
E23W,23.0,1,0.0
E23Y,23.0,1,0.0
E23V,23.0,1,0.0
W24A,24.0,1,0.0
W24R,24.0,1,0.0
W24N,24.0,1,0.0
W24D,24.0,1,0.0
W24C,24.0,1,0.0
W24Q,24.0,1,0.0
W24E,24.0,1,0.0
W24G,24.0,1,0.0
W24H,24.0,1,0.0
W24I,24.0,1,0.0
W24L,24.0,1,0.0
W24K,24.0,1,0.0
W24M,24.0,1,0.0
W24F,24.0,1,0.0
W24P,24.0,1,0.0
W24S,24.0,1,0.0
W24T,24.0,1,0.0
W24W,24.0,0,0.0
W24Y,24.0,1,0.0
W24V,24.0,1,0.0
S25A,25.0,1,0.0
S25R,25.0,1,0.0
S25N,25.0,1,0.0
S25D,25.0,1,0.0
S25C,25.0,1,0.0
S25Q,25.0,1,0.0
S25E,25.0,1,0.0
S25G,25.0,1,0.0
S25H,25.0,1,0.0
S25I,25.0,1,0.0
S25L,25.0,1,0.0
S25K,25.0,1,0.0
S25M,25.0,1,0.0
S25F,25.0,1,0.0
S25P,25.0,1,0.0
S25S,25.0,0,0.0
S25T,25.0,1,0.0
S25W,25.0,1,0.0
S25Y,25.0,1,0.0
S25V,25.0,1,0.0
P26A,26.0,1,0.0
P26R,26.0,1,0.0
P26N,26.0,1,0.0
P26D,26.0,1,0.0
P26C,26.0,1,0.0
P26Q,26.0,1,0.0
P26E,26.0,1,0.0
P26G,26.0,1,0.0
P26H,26.0,1,0.0
P26I,26.0,1,0.0
P26L,26.0,1,0.0
P26K,26.0,1,0.0
P26M,26.0,1,0.0
P26F,26.0,1,0.0
P26P,26.0,0,0.0
P26S,26.0,1,0.0
P26T,26.0,1,0.0
P26W,26.0,1,0.0
P26Y,26.0,1,0.0
P26V,26.0,1,0.0
P27A,27.0,1,0.0
P27R,27.0,1,0.0
P27N,27.0,1,0.0
P27D,27.0,1,0.0
P27C,27.0,1,0.0
P27Q,27.0,1,0.0
P27E,27.0,1,0.0
P27G,27.0,1,0.0
P27H,27.0,1,0.0
P27I,27.0,1,0.0
P27L,27.0,1,0.0
P27K,27.0,1,0.0
P27M,27.0,1,0.0
P27F,27.0,1,0.0
P27P,27.0,0,0.0
P27S,27.0,1,0.0
P27T,27.0,1,0.0
P27W,27.0,1,0.0
P27Y,27.0,1,0.0
P27V,27.0,1,0.0
E28A,28.0,1,0.0
E28R,28.0,1,0.0
E28N,28.0,1,0.0
E28D,28.0,1,0.0
E28C,28.0,1,0.0
E28Q,28.0,1,0.0
E28E,28.0,0,0.0
E28G,28.0,1,0.0
E28H,28.0,1,0.0
E28I,28.0,1,0.0
E28L,28.0,1,0.0
E28K,28.0,1,0.0
E28M,28.0,1,0.0
E28F,28.0,1,0.0
E28P,28.0,1,0.0
E28S,28.0,1,0.0
E28T,28.0,1,0.0
E28W,28.0,1,0.0
E28Y,28.0,1,0.0
E28V,28.0,1,0.0
S29A,29.0,1,0.14219056069850922
S29R,29.0,1,0.0
S29N,29.0,1,0.0
S29D,29.0,1,0.0
S29C,29.0,1,0.0
S29Q,29.0,1,0.0
S29E,29.0,1,0.0
S29G,29.0,1,0.0
S29H,29.0,1,0.0
S29I,29.0,1,0.0
S29L,29.0,1,0.0
S29K,29.0,1,0.0
S29M,29.0,1,0.0
S29F,29.0,1,0.0
S29P,29.0,1,0.10923079401254654
S29S,29.0,0,-0.2514212429523468
S29T,29.0,1,0.0
S29W,29.0,1,0.0
S29Y,29.0,1,0.0
S29V,29.0,1,0.0
G30A,30.0,1,0.0
G30R,30.0,1,0.0
G30N,30.0,1,0.0
G30D,30.0,1,0.0
G30C,30.0,1,0.0
G30Q,30.0,1,0.0
G30E,30.0,1,0.0
G30G,30.0,0,0.0
G30H,30.0,1,0.0
G30I,30.0,1,0.0
G30L,30.0,1,0.0
G30K,30.0,1,0.0
G30M,30.0,1,0.0
G30F,30.0,1,0.0
G30P,30.0,1,0.0
G30S,30.0,1,0.0
G30T,30.0,1,0.0
G30W,30.0,1,0.0
G30Y,30.0,1,0.0
G30V,30.0,1,0.0
D31A,31.0,1,0.0
D31R,31.0,1,0.0
D31N,31.0,1,0.0
D31D,31.0,0,0.0
D31C,31.0,1,0.0
D31Q,31.0,1,0.0
D31E,31.0,1,0.0
D31G,31.0,1,0.0
D31H,31.0,1,0.0
D31I,31.0,1,0.0
D31L,31.0,1,0.0
D31K,31.0,1,0.0
D31M,31.0,1,0.0
D31F,31.0,1,0.0
D31P,31.0,1,0.0
D31S,31.0,1,0.0
D31T,31.0,1,0.0
D31W,31.0,1,0.0
D31Y,31.0,1,0.0
D31V,31.0,1,0.0
A32A,32.0,0,0.017271704971790314
A32R,32.0,1,0.0
A32N,32.0,1,0.0
A32D,32.0,1,0.0
A32C,32.0,1,0.0
A32Q,32.0,1,0.0
A32E,32.0,1,0.0
A32G,32.0,1,0.0
A32H,32.0,1,0.0
A32I,32.0,1,0.0
A32L,32.0,1,0.0
A32K,32.0,1,0.0
A32M,32.0,1,0.0
A32F,32.0,1,0.0
A32P,32.0,1,0.0
A32S,32.0,1,0.0
A32T,32.0,1,0.0
A32W,32.0,1,0.0
A32Y,32.0,1,0.0
A32V,32.0,1,-0.017271773889660835
R33A,33.0,1,0.0
R33R,33.0,0,0.0
R33N,33.0,1,0.0
R33D,33.0,1,0.0
R33C,33.0,1,0.0
R33Q,33.0,1,0.0
R33E,33.0,1,0.0
R33G,33.0,1,0.0
R33H,33.0,1,0.0
R33I,33.0,1,0.0
R33L,33.0,1,0.0
R33K,33.0,1,0.0
R33M,33.0,1,0.0
R33F,33.0,1,0.0
R33P,33.0,1,0.0
R33S,33.0,1,0.0
R33T,33.0,1,0.0
R33W,33.0,1,0.0
R33Y,33.0,1,0.0
R33V,33.0,1,0.0
S34A,34.0,1,0.0
S34R,34.0,1,0.0
S34N,34.0,1,0.0
S34D,34.0,1,0.0
S34C,34.0,1,0.0
S34Q,34.0,1,0.0
S34E,34.0,1,0.0
S34G,34.0,1,0.0
S34H,34.0,1,0.0
S34I,34.0,1,0.0
S34L,34.0,1,0.0
S34K,34.0,1,0.0
S34M,34.0,1,0.0
S34F,34.0,1,0.0
S34P,34.0,1,0.0
S34S,34.0,0,0.0
S34T,34.0,1,0.0
S34W,34.0,1,0.0
S34Y,34.0,1,0.0
S34V,34.0,1,0.0
P35A,35.0,1,0.0
P35R,35.0,1,0.0
P35N,35.0,1,0.0
P35D,35.0,1,0.0
P35C,35.0,1,0.0
P35Q,35.0,1,0.0
P35E,35.0,1,0.0
P35G,35.0,1,0.0
P35H,35.0,1,0.0
P35I,35.0,1,0.0
P35L,35.0,1,0.0
P35K,35.0,1,0.0
P35M,35.0,1,0.0
P35F,35.0,1,0.0
P35P,35.0,0,0.0
P35S,35.0,1,0.0
P35T,35.0,1,0.0
P35W,35.0,1,0.0
P35Y,35.0,1,0.0
P35V,35.0,1,0.0
C36A,36.0,1,0.0
C36R,36.0,1,0.0
C36N,36.0,1,0.0
C36D,36.0,1,0.0
C36C,36.0,0,0.0
C36Q,36.0,1,0.0
C36E,36.0,1,0.0
C36G,36.0,1,0.0
C36H,36.0,1,0.0
C36I,36.0,1,0.0
C36L,36.0,1,0.0
C36K,36.0,1,0.0
C36M,36.0,1,0.0
C36F,36.0,1,0.0
C36P,36.0,1,0.0
C36S,36.0,1,0.0
C36T,36.0,1,0.0
C36W,36.0,1,0.0
C36Y,36.0,1,0.0
C36V,36.0,1,0.0
P37A,37.0,1,0.0
P37R,37.0,1,0.0
P37N,37.0,1,0.0
P37D,37.0,1,0.0
P37C,37.0,1,0.0
P37Q,37.0,1,0.0
P37E,37.0,1,0.0
P37G,37.0,1,0.0
P37H,37.0,1,0.0
P37I,37.0,1,0.0
P37L,37.0,1,0.0
P37K,37.0,1,0.0
P37M,37.0,1,0.0
P37F,37.0,1,0.0
P37P,37.0,0,0.0
P37S,37.0,1,0.0
P37T,37.0,1,0.0
P37W,37.0,1,0.0
P37Y,37.0,1,0.0
P37V,37.0,1,0.0
L38A,38.0,1,0.0
L38R,38.0,1,0.0
L38N,38.0,1,0.0
L38D,38.0,1,0.0
L38C,38.0,1,0.0
L38Q,38.0,1,0.0
L38E,38.0,1,0.0
L38G,38.0,1,0.0
L38H,38.0,1,0.0
L38I,38.0,1,0.0
L38L,38.0,0,-0.027351204305887222
L38K,38.0,1,0.0
L38M,38.0,1,0.02735106647014618
L38F,38.0,1,0.0
L38P,38.0,1,0.0
L38S,38.0,1,0.0
L38T,38.0,1,0.0
L38W,38.0,1,0.0
L38Y,38.0,1,0.0
L38V,38.0,1,0.0
L39A,39.0,1,0.0
L39R,39.0,1,0.0
L39N,39.0,1,0.0
L39D,39.0,1,0.0
L39C,39.0,1,0.0
L39Q,39.0,1,0.0
L39E,39.0,1,0.0
L39G,39.0,1,0.0
L39H,39.0,1,0.0
L39I,39.0,1,0.0
L39L,39.0,0,0.0
L39K,39.0,1,0.0
L39M,39.0,1,0.0
L39F,39.0,1,0.0
L39P,39.0,1,0.0
L39S,39.0,1,0.0
L39T,39.0,1,0.0
L39W,39.0,1,0.0
L39Y,39.0,1,0.0
L39V,39.0,1,0.0
N40A,40.0,1,0.0
N40R,40.0,1,0.0
N40N,40.0,0,0.0
N40D,40.0,1,0.0
N40C,40.0,1,0.0
N40Q,40.0,1,0.0
N40E,40.0,1,0.0
N40G,40.0,1,0.0
N40H,40.0,1,0.0
N40I,40.0,1,0.0
N40L,40.0,1,0.0
N40K,40.0,1,0.0
N40M,40.0,1,0.0
N40F,40.0,1,0.0
N40P,40.0,1,0.0
N40S,40.0,1,0.0
N40T,40.0,1,0.0
N40W,40.0,1,0.0
N40Y,40.0,1,0.0
N40V,40.0,1,0.0
S41A,41.0,1,-0.005076575092971325
S41R,41.0,1,0.0
S41N,41.0,1,0.0
S41D,41.0,1,0.0
S41C,41.0,1,0.0
S41Q,41.0,1,0.0
S41E,41.0,1,0.0
S41G,41.0,1,0.0
S41H,41.0,1,0.0
S41I,41.0,1,0.0
S41L,41.0,1,0.0
S41K,41.0,1,0.0
S41M,41.0,1,0.0
S41F,41.0,1,0.0
S41P,41.0,1,0.0
S41S,41.0,0,0.005076575092971325
S41T,41.0,1,0.0
S41W,41.0,1,0.0
S41Y,41.0,1,0.0
S41V,41.0,1,0.0
L42A,42.0,1,0.0
L42R,42.0,1,0.0
L42N,42.0,1,0.0
L42D,42.0,1,0.0
L42C,42.0,1,0.0
L42Q,42.0,1,0.0
L42E,42.0,1,0.0
L42G,42.0,1,0.0
L42H,42.0,1,0.0
L42I,42.0,1,0.0
L42L,42.0,0,0.0
L42K,42.0,1,0.0
L42M,42.0,1,0.0
L42F,42.0,1,0.0
L42P,42.0,1,0.0
L42S,42.0,1,0.0
L42T,42.0,1,0.0
L42W,42.0,1,0.0
L42Y,42.0,1,0.0
L42V,42.0,1,0.0
A43A,43.0,0,0.0
A43R,43.0,1,0.0
A43N,43.0,1,0.0
A43D,43.0,1,0.0
A43C,43.0,1,0.0
A43Q,43.0,1,0.0
A43E,43.0,1,0.0
A43G,43.0,1,0.0
A43H,43.0,1,0.0
A43I,43.0,1,0.0
A43L,43.0,1,0.0
A43K,43.0,1,0.0
A43M,43.0,1,0.0
A43F,43.0,1,0.0
A43P,43.0,1,0.0
A43S,43.0,1,0.0
A43T,43.0,1,0.0
A43W,43.0,1,0.0
A43Y,43.0,1,0.0
A43V,43.0,1,0.0
N44A,44.0,1,0.0
N44R,44.0,1,0.0
N44N,44.0,0,0.0
N44D,44.0,1,0.0
N44C,44.0,1,0.0
N44Q,44.0,1,0.0
N44E,44.0,1,0.0
N44G,44.0,1,0.0
N44H,44.0,1,0.0
N44I,44.0,1,0.0
N44L,44.0,1,0.0
N44K,44.0,1,0.0
N44M,44.0,1,0.0
N44F,44.0,1,0.0
N44P,44.0,1,0.0
N44S,44.0,1,0.0
N44T,44.0,1,0.0
N44W,44.0,1,0.0
N44Y,44.0,1,0.0
N44V,44.0,1,0.0
H45A,45.0,1,0.0
H45R,45.0,1,0.0
H45N,45.0,1,0.0
H45D,45.0,1,0.0
H45C,45.0,1,0.0
H45Q,45.0,1,0.0
H45E,45.0,1,0.0
H45G,45.0,1,0.0
H45H,45.0,0,0.0
H45I,45.0,1,0.0
H45L,45.0,1,0.0
H45K,45.0,1,0.0
H45M,45.0,1,0.0
H45F,45.0,1,0.0
H45P,45.0,1,0.0
H45S,45.0,1,0.0
H45T,45.0,1,0.0
H45W,45.0,1,0.0
H45Y,45.0,1,0.0
H45V,45.0,1,0.0
G46A,46.0,1,0.0
G46R,46.0,1,0.0
G46N,46.0,1,0.0
G46D,46.0,1,0.0
G46C,46.0,1,0.0
G46Q,46.0,1,0.0
G46E,46.0,1,0.0
G46G,46.0,0,0.0
G46H,46.0,1,0.0
G46I,46.0,1,0.0
G46L,46.0,1,0.0
G46K,46.0,1,0.0
G46M,46.0,1,0.0
G46F,46.0,1,0.0
G46P,46.0,1,0.0
G46S,46.0,1,0.0
G46T,46.0,1,0.0
G46W,46.0,1,0.0
G46Y,46.0,1,0.0
G46V,46.0,1,0.0
Y47A,47.0,1,0.0
Y47R,47.0,1,0.0
Y47N,47.0,1,0.0
Y47D,47.0,1,0.0
Y47C,47.0,1,0.0
Y47Q,47.0,1,0.0
Y47E,47.0,1,0.0
Y47G,47.0,1,0.0
Y47H,47.0,1,0.0
Y47I,47.0,1,0.0
Y47L,47.0,1,0.0
Y47K,47.0,1,0.0
Y47M,47.0,1,0.0
Y47F,47.0,1,0.0
Y47P,47.0,1,0.0
Y47S,47.0,1,0.0
Y47T,47.0,1,0.0
Y47W,47.0,1,0.0
Y47Y,47.0,0,0.0
Y47V,47.0,1,0.0
L48A,48.0,1,0.0
L48R,48.0,1,0.0
L48N,48.0,1,0.0
L48D,48.0,1,0.0
L48C,48.0,1,0.0
L48Q,48.0,1,0.0
L48E,48.0,1,0.0
L48G,48.0,1,0.0
L48H,48.0,1,0.0
L48I,48.0,1,0.0
L48L,48.0,0,0.0
L48K,48.0,1,0.0
L48M,48.0,1,0.0
L48F,48.0,1,0.0
L48P,48.0,1,0.0
L48S,48.0,1,0.0
L48T,48.0,1,0.0
L48W,48.0,1,0.0
L48Y,48.0,1,0.0
L48V,48.0,1,0.0
P49A,49.0,1,0.0
P49R,49.0,1,0.0
P49N,49.0,1,0.0
P49D,49.0,1,0.0
P49C,49.0,1,0.0
P49Q,49.0,1,0.0
P49E,49.0,1,0.0
P49G,49.0,1,0.0
P49H,49.0,1,0.0
P49I,49.0,1,0.0
P49L,49.0,1,0.0
P49K,49.0,1,0.0
P49M,49.0,1,0.0
P49F,49.0,1,0.0
P49P,49.0,0,0.0
P49S,49.0,1,0.0
P49T,49.0,1,0.0
P49W,49.0,1,0.0
P49Y,49.0,1,0.0
P49V,49.0,1,0.0
H50A,50.0,1,0.0
H50R,50.0,1,0.0
H50N,50.0,1,0.0
H50D,50.0,1,0.0
H50C,50.0,1,0.0
H50Q,50.0,1,0.0
H50E,50.0,1,0.0
H50G,50.0,1,0.0
H50H,50.0,0,0.0
H50I,50.0,1,0.0
H50L,50.0,1,0.0
H50K,50.0,1,0.0
H50M,50.0,1,0.0
H50F,50.0,1,0.0
H50P,50.0,1,0.0
H50S,50.0,1,0.0
H50T,50.0,1,0.0
H50W,50.0,1,0.0
H50Y,50.0,1,0.0
H50V,50.0,1,0.0
D51A,51.0,1,0.0
D51R,51.0,1,0.0
D51N,51.0,1,0.0
D51D,51.0,0,0.0
D51C,51.0,1,0.0
D51Q,51.0,1,0.0
D51E,51.0,1,0.0
D51G,51.0,1,0.0
D51H,51.0,1,0.0
D51I,51.0,1,0.0
D51L,51.0,1,0.0
D51K,51.0,1,0.0
D51M,51.0,1,0.0
D51F,51.0,1,0.0
D51P,51.0,1,0.0
D51S,51.0,1,0.0
D51T,51.0,1,0.0
D51W,51.0,1,0.0
D51Y,51.0,1,0.0
D51V,51.0,1,0.0
G52A,52.0,1,0.0
G52R,52.0,1,0.0
G52N,52.0,1,0.0
G52D,52.0,1,0.0
G52C,52.0,1,0.0
G52Q,52.0,1,0.0
G52E,52.0,1,0.0
G52G,52.0,0,0.0
G52H,52.0,1,0.0
G52I,52.0,1,0.0
G52L,52.0,1,0.0
G52K,52.0,1,0.0
G52M,52.0,1,0.0
G52F,52.0,1,0.0
G52P,52.0,1,0.0
G52S,52.0,1,0.0
G52T,52.0,1,0.0
G52W,52.0,1,0.0
G52Y,52.0,1,0.0
G52V,52.0,1,0.0
K53A,53.0,1,0.0
K53R,53.0,1,0.0
K53N,53.0,1,0.0
K53D,53.0,1,0.0
K53C,53.0,1,0.0
K53Q,53.0,1,0.0
K53E,53.0,1,0.0
K53G,53.0,1,0.0
K53H,53.0,1,0.0
K53I,53.0,1,0.0
K53L,53.0,1,0.0
K53K,53.0,0,0.0
K53M,53.0,1,0.0
K53F,53.0,1,0.0
K53P,53.0,1,0.0
K53S,53.0,1,0.0
K53T,53.0,1,0.0
K53W,53.0,1,0.0
K53Y,53.0,1,0.0
K53V,53.0,1,0.0
N54A,54.0,1,0.0
N54R,54.0,1,0.0
N54N,54.0,0,0.0
N54D,54.0,1,0.0
N54C,54.0,1,0.0
N54Q,54.0,1,0.0
N54E,54.0,1,0.0
N54G,54.0,1,0.0
N54H,54.0,1,0.0
N54I,54.0,1,0.0
N54L,54.0,1,0.0
N54K,54.0,1,0.0
N54M,54.0,1,0.0
N54F,54.0,1,0.0
N54P,54.0,1,0.0
N54S,54.0,1,0.0
N54T,54.0,1,0.0
N54W,54.0,1,0.0
N54Y,54.0,1,0.0
N54V,54.0,1,0.0
I55A,55.0,1,0.0
I55R,55.0,1,0.0
I55N,55.0,1,0.0
I55D,55.0,1,0.0
I55C,55.0,1,0.0
I55Q,55.0,1,0.0
I55E,55.0,1,0.0
I55G,55.0,1,0.0
I55H,55.0,1,0.0
I55I,55.0,0,0.0
I55L,55.0,1,0.0
I55K,55.0,1,0.0
I55M,55.0,1,0.0
I55F,55.0,1,0.0
I55P,55.0,1,0.0
I55S,55.0,1,0.0
I55T,55.0,1,0.0
I55W,55.0,1,0.0
I55Y,55.0,1,0.0
I55V,55.0,1,0.0
T56A,56.0,1,0.0
T56R,56.0,1,0.0
T56N,56.0,1,0.0
T56D,56.0,1,0.0
T56C,56.0,1,0.0
T56Q,56.0,1,0.0
T56E,56.0,1,0.0
T56G,56.0,1,0.0
T56H,56.0,1,0.0
T56I,56.0,1,0.0
T56L,56.0,1,0.0
T56K,56.0,1,0.0
T56M,56.0,1,0.0
T56F,56.0,1,0.0
T56P,56.0,1,0.0
T56S,56.0,1,0.0
T56T,56.0,0,0.0
T56W,56.0,1,0.0
T56Y,56.0,1,0.0
T56V,56.0,1,0.0
G57A,57.0,1,-0.01203869841992855
G57R,57.0,1,0.0
G57N,57.0,1,0.0
G57D,57.0,1,0.0
G57C,57.0,1,0.0
G57Q,57.0,1,0.0
G57E,57.0,1,0.0
G57G,57.0,0,-0.18404100835323334
G57H,57.0,1,0.0
G57I,57.0,1,0.0
G57L,57.0,1,0.19607947766780853
G57K,57.0,1,0.0
G57M,57.0,1,0.0
G57F,57.0,1,0.0
G57P,57.0,1,0.0
G57S,57.0,1,0.0
G57T,57.0,1,0.0
G57W,57.0,1,0.0
G57Y,57.0,1,0.0
G57V,57.0,1,0.0
D58A,58.0,1,0.0
D58R,58.0,1,0.0
D58N,58.0,1,0.0
D58D,58.0,0,0.0
D58C,58.0,1,0.0
D58Q,58.0,1,0.0
D58E,58.0,1,0.0
D58G,58.0,1,0.0
D58H,58.0,1,0.0
D58I,58.0,1,0.0
D58L,58.0,1,0.0
D58K,58.0,1,0.0
D58M,58.0,1,0.0
D58F,58.0,1,0.0
D58P,58.0,1,0.0
D58S,58.0,1,0.0
D58T,58.0,1,0.0
D58W,58.0,1,0.0
D58Y,58.0,1,0.0
D58V,58.0,1,0.0
V59A,59.0,1,0.0
V59R,59.0,1,0.0
V59N,59.0,1,0.0
V59D,59.0,1,0.0
V59C,59.0,1,0.0
V59Q,59.0,1,0.0
V59E,59.0,1,0.0
V59G,59.0,1,0.0
V59H,59.0,1,0.0
V59I,59.0,1,0.0
V59L,59.0,1,0.0
V59K,59.0,1,0.0
V59M,59.0,1,0.0
V59F,59.0,1,0.0
V59P,59.0,1,0.0
V59S,59.0,1,0.0
V59T,59.0,1,0.0
V59W,59.0,1,0.0
V59Y,59.0,1,0.0
V59V,59.0,0,0.0
L60A,60.0,1,0.0
L60R,60.0,1,0.0
L60N,60.0,1,0.0
L60D,60.0,1,0.0
L60C,60.0,1,0.0
L60Q,60.0,1,0.0
L60E,60.0,1,0.0
L60G,60.0,1,0.0
L60H,60.0,1,0.0
L60I,60.0,1,0.0
L60L,60.0,0,0.0
L60K,60.0,1,0.0
L60M,60.0,1,0.0
L60F,60.0,1,0.0
L60P,60.0,1,0.0
L60S,60.0,1,0.0
L60T,60.0,1,0.0
L60W,60.0,1,0.0
L60Y,60.0,1,0.0
L60V,60.0,1,0.0
S61A,61.0,1,0.0
S61R,61.0,1,0.0
S61N,61.0,1,0.0
S61D,61.0,1,0.0
S61C,61.0,1,0.0
S61Q,61.0,1,0.0
S61E,61.0,1,0.0
S61G,61.0,1,0.0
S61H,61.0,1,0.0
S61I,61.0,1,-0.5000532865524292
S61L,61.0,1,0.0
S61K,61.0,1,0.0
S61M,61.0,1,0.0
S61F,61.0,1,0.5545404553413391
S61P,61.0,1,0.0
S61S,61.0,0,0.05051470920443535
S61T,61.0,1,-0.10500052571296692
S61W,61.0,1,0.0
S61Y,61.0,1,0.0
S61V,61.0,1,0.0
K62A,62.0,1,0.0
K62R,62.0,1,0.0
K62N,62.0,1,0.0
K62D,62.0,1,0.0
K62C,62.0,1,0.0
K62Q,62.0,1,0.0
K62E,62.0,1,0.0
K62G,62.0,1,0.0
K62H,62.0,1,0.0
K62I,62.0,1,0.0
K62L,62.0,1,0.0
K62K,62.0,0,0.0
K62M,62.0,1,0.0
K62F,62.0,1,0.0
K62P,62.0,1,0.0
K62S,62.0,1,0.0
K62T,62.0,1,0.0
K62W,62.0,1,0.0
K62Y,62.0,1,0.0
K62V,62.0,1,0.0
A63A,63.0,0,0.0
A63R,63.0,1,0.0
A63N,63.0,1,0.0
A63D,63.0,1,0.0
A63C,63.0,1,0.0
A63Q,63.0,1,0.0
A63E,63.0,1,0.0
A63G,63.0,1,0.0
A63H,63.0,1,0.0
A63I,63.0,1,0.0
A63L,63.0,1,0.0
A63K,63.0,1,0.0
A63M,63.0,1,0.0
A63F,63.0,1,0.0
A63P,63.0,1,0.0
A63S,63.0,1,0.0
A63T,63.0,1,0.0
A63W,63.0,1,0.0
A63Y,63.0,1,0.0
A63V,63.0,1,0.0
I64A,64.0,1,-0.15545037388801575
I64R,64.0,1,0.0
I64N,64.0,1,0.0
I64D,64.0,1,-0.2323731929063797
I64C,64.0,1,-0.25435104966163635
I64Q,64.0,1,0.0
I64E,64.0,1,0.0
I64G,64.0,1,0.0
I64H,64.0,1,0.0
I64I,64.0,0,0.3061198592185974
I64L,64.0,1,0.5936132669448853
I64K,64.0,1,0.0
I64M,64.0,1,0.0
I64F,64.0,1,0.16323140263557434
I64P,64.0,1,0.0
I64S,64.0,1,0.0
I64T,64.0,1,0.0
I64W,64.0,1,-0.2213839441537857
I64Y,64.0,1,-0.19940610229969025
I64V,64.0,1,0.0
T65A,65.0,1,0.0
T65R,65.0,1,0.0
T65N,65.0,1,0.0
T65D,65.0,1,0.0
T65C,65.0,1,0.0
T65Q,65.0,1,0.0
T65E,65.0,1,0.0
T65G,65.0,1,0.0
T65H,65.0,1,0.0
T65I,65.0,1,0.0
T65L,65.0,1,0.0
T65K,65.0,1,0.12333537638187408
T65M,65.0,1,0.0
T65F,65.0,1,0.0
T65P,65.0,1,0.0
T65S,65.0,1,0.0
T65T,65.0,0,-0.12333537638187408
T65W,65.0,1,0.0
T65Y,65.0,1,0.0
T65V,65.0,1,0.0
T66A,66.0,1,0.0
T66R,66.0,1,0.0
T66N,66.0,1,0.0
T66D,66.0,1,0.0
T66C,66.0,1,0.0
T66Q,66.0,1,0.0
T66E,66.0,1,0.0
T66G,66.0,1,0.0
T66H,66.0,1,0.0
T66I,66.0,1,0.0
T66L,66.0,1,0.0
T66K,66.0,1,0.0
T66M,66.0,1,0.0
T66F,66.0,1,0.0
T66P,66.0,1,0.0
T66S,66.0,1,0.0
T66T,66.0,0,0.0
T66W,66.0,1,0.0
T66Y,66.0,1,0.0
T66V,66.0,1,0.0
T67A,67.0,1,0.1711103618144989
T67R,67.0,1,0.0
T67N,67.0,1,0.0
T67D,67.0,1,0.0
T67C,67.0,1,0.0
T67Q,67.0,1,0.0
T67E,67.0,1,0.0
T67G,67.0,1,0.0
T67H,67.0,1,0.0
T67I,67.0,1,0.0
T67L,67.0,1,0.0
T67K,67.0,1,0.0
T67M,67.0,1,0.0
T67F,67.0,1,0.0
T67P,67.0,1,0.0
T67S,67.0,1,0.0
T67T,67.0,0,-0.1711103618144989
T67W,67.0,1,0.0
T67Y,67.0,1,0.0
T67V,67.0,1,0.0
L68A,68.0,1,0.0
L68R,68.0,1,0.0
L68N,68.0,1,0.0
L68D,68.0,1,0.0
L68C,68.0,1,0.0
L68Q,68.0,1,0.0
L68E,68.0,1,0.0
L68G,68.0,1,0.0
L68H,68.0,1,0.0
L68I,68.0,1,0.0
L68L,68.0,0,0.0
L68K,68.0,1,0.0
L68M,68.0,1,0.0
L68F,68.0,1,0.0
L68P,68.0,1,0.0
L68S,68.0,1,0.0
L68T,68.0,1,0.0
L68W,68.0,1,0.0
L68Y,68.0,1,0.0
L68V,68.0,1,0.0
N69A,69.0,1,0.0
N69R,69.0,1,0.0
N69N,69.0,0,0.0
N69D,69.0,1,0.0
N69C,69.0,1,0.0
N69Q,69.0,1,0.0
N69E,69.0,1,0.0
N69G,69.0,1,0.0
N69H,69.0,1,0.0
N69I,69.0,1,0.0
N69L,69.0,1,0.0
N69K,69.0,1,0.0
N69M,69.0,1,0.0
N69F,69.0,1,0.0
N69P,69.0,1,0.0
N69S,69.0,1,0.0
N69T,69.0,1,0.0
N69W,69.0,1,0.0
N69Y,69.0,1,0.0
N69V,69.0,1,0.0
M70A,70.0,1,-0.1651025116443634
M70R,70.0,1,0.0
M70N,70.0,1,0.0
M70D,70.0,1,0.0
M70C,70.0,1,0.0
M70Q,70.0,1,0.0
M70E,70.0,1,-0.12562887370586395
M70G,70.0,1,-0.25983926653862
M70H,70.0,1,0.0
M70I,70.0,1,-0.09405031055212021
M70L,70.0,1,-0.07405406981706619
M70K,70.0,1,0.0
M70M,70.0,0,0.3266146183013916
M70F,70.0,1,0.3920602798461914
M70P,70.0,1,0.0
M70S,70.0,1,0.0
M70T,70.0,1,0.0
M70W,70.0,1,0.0
M70Y,70.0,1,0.0
M70V,70.0,1,0.0
D71A,71.0,1,0.0
D71R,71.0,1,0.0
D71N,71.0,1,0.0
D71D,71.0,0,0.0
D71C,71.0,1,0.0
D71Q,71.0,1,0.0
D71E,71.0,1,0.0
D71G,71.0,1,0.0
D71H,71.0,1,0.0
D71I,71.0,1,0.0
D71L,71.0,1,0.0
D71K,71.0,1,0.0
D71M,71.0,1,0.0
D71F,71.0,1,0.0
D71P,71.0,1,0.0
D71S,71.0,1,0.0
D71T,71.0,1,0.0
D71W,71.0,1,0.0
D71Y,71.0,1,0.0
D71V,71.0,1,0.0
D72A,72.0,1,0.0
D72R,72.0,1,0.0
D72N,72.0,1,0.0
D72D,72.0,0,0.0
D72C,72.0,1,0.0
D72Q,72.0,1,0.0
D72E,72.0,1,0.0
D72G,72.0,1,0.0
D72H,72.0,1,0.0
D72I,72.0,1,0.0
D72L,72.0,1,0.0
D72K,72.0,1,0.0
D72M,72.0,1,0.0
D72F,72.0,1,0.0
D72P,72.0,1,0.0
D72S,72.0,1,0.0
D72T,72.0,1,0.0
D72W,72.0,1,0.0
D72Y,72.0,1,0.0
D72V,72.0,1,0.0
S73A,73.0,1,0.0
S73R,73.0,1,0.0
S73N,73.0,1,0.0
S73D,73.0,1,0.0
S73C,73.0,1,0.0
S73Q,73.0,1,0.0
S73E,73.0,1,0.0
S73G,73.0,1,0.0
S73H,73.0,1,0.0
S73I,73.0,1,0.0
S73L,73.0,1,0.0
S73K,73.0,1,0.0
S73M,73.0,1,0.0
S73F,73.0,1,0.0
S73P,73.0,1,0.0
S73S,73.0,0,0.0
S73T,73.0,1,0.0
S73W,73.0,1,0.0
S73Y,73.0,1,0.0
S73V,73.0,1,0.0
V74A,74.0,1,0.0
V74R,74.0,1,0.0
V74N,74.0,1,0.0
V74D,74.0,1,0.0
V74C,74.0,1,0.0
V74Q,74.0,1,0.0
V74E,74.0,1,0.0
V74G,74.0,1,0.0
V74H,74.0,1,0.0
V74I,74.0,1,0.0
V74L,74.0,1,0.0
V74K,74.0,1,0.0
V74M,74.0,1,0.0
V74F,74.0,1,0.0
V74P,74.0,1,0.0
V74S,74.0,1,0.0
V74T,74.0,1,0.0
V74W,74.0,1,0.0
V74Y,74.0,1,0.0
V74V,74.0,0,0.0
S75A,75.0,1,-0.08130914717912674
S75R,75.0,1,0.0
S75N,75.0,1,0.0
S75D,75.0,1,0.0
S75C,75.0,1,0.0
S75Q,75.0,1,0.0
S75E,75.0,1,0.0
S75G,75.0,1,0.0
S75H,75.0,1,0.0
S75I,75.0,1,0.0
S75L,75.0,1,0.0
S75K,75.0,1,0.0
S75M,75.0,1,0.0
S75F,75.0,1,0.0
S75P,75.0,1,0.0
S75S,75.0,0,0.004473327659070492
S75T,75.0,1,0.07683578133583069
S75W,75.0,1,0.0
S75Y,75.0,1,0.0
S75V,75.0,1,0.0
A76A,76.0,0,0.0692121759057045
A76R,76.0,1,0.0
A76N,76.0,1,0.0
A76D,76.0,1,0.0
A76C,76.0,1,0.0
A76Q,76.0,1,0.0
A76E,76.0,1,0.0
A76G,76.0,1,0.0
A76H,76.0,1,0.0
A76I,76.0,1,0.0
A76L,76.0,1,0.0
A76K,76.0,1,0.0
A76M,76.0,1,0.0
A76F,76.0,1,0.0
A76P,76.0,1,0.0
A76S,76.0,1,0.0
A76T,76.0,1,0.0
A76W,76.0,1,0.0
A76Y,76.0,1,0.0
A76V,76.0,1,-0.0692121833562851
A77A,77.0,0,0.0
A77R,77.0,1,0.0
A77N,77.0,1,0.0
A77D,77.0,1,0.0
A77C,77.0,1,0.0
A77Q,77.0,1,0.0
A77E,77.0,1,0.0
A77G,77.0,1,0.0
A77H,77.0,1,0.0
A77I,77.0,1,0.0
A77L,77.0,1,0.0
A77K,77.0,1,0.0
A77M,77.0,1,0.0
A77F,77.0,1,0.0
A77P,77.0,1,0.0
A77S,77.0,1,0.0
A77T,77.0,1,0.0
A77W,77.0,1,0.0
A77Y,77.0,1,0.0
A77V,77.0,1,0.0
F78A,78.0,1,0.0
F78R,78.0,1,0.0
F78N,78.0,1,0.0
F78D,78.0,1,0.0
F78C,78.0,1,0.0
F78Q,78.0,1,0.0
F78E,78.0,1,0.0
F78G,78.0,1,0.0
F78H,78.0,1,0.0
F78I,78.0,1,0.0
F78L,78.0,1,-0.1883370727300644
F78K,78.0,1,0.0
F78M,78.0,1,0.0
F78F,78.0,0,0.188337042927742
F78P,78.0,1,0.0
F78S,78.0,1,0.0
F78T,78.0,1,0.0
F78W,78.0,1,0.0
F78Y,78.0,1,0.0
F78V,78.0,1,0.0
M79A,79.0,1,-0.26699891686439514
M79R,79.0,1,0.0
M79N,79.0,1,0.0
M79D,79.0,1,0.0
M79C,79.0,1,0.0
M79Q,79.0,1,0.0
M79E,79.0,1,0.0
M79G,79.0,1,0.0
M79H,79.0,1,0.0
M79I,79.0,1,0.0
M79L,79.0,1,0.4836404621601105
M79K,79.0,1,0.0
M79M,79.0,0,0.10898967832326889
M79F,79.0,1,-0.11995190382003784
M79P,79.0,1,0.0
M79S,79.0,1,0.0
M79T,79.0,1,-0.10899565368890762
M79W,79.0,1,0.0
M79Y,79.0,1,0.0
M79V,79.0,1,-0.09668353945016861
A80A,80.0,0,0.0
A80R,80.0,1,0.0
A80N,80.0,1,0.0
A80D,80.0,1,0.0
A80C,80.0,1,0.0
A80Q,80.0,1,0.0
A80E,80.0,1,0.0
A80G,80.0,1,0.0
A80H,80.0,1,0.0
A80I,80.0,1,0.0
A80L,80.0,1,0.0
A80K,80.0,1,0.0
A80M,80.0,1,0.0
A80F,80.0,1,0.0
A80P,80.0,1,0.0
A80S,80.0,1,0.0
A80T,80.0,1,0.0
A80W,80.0,1,0.0
A80Y,80.0,1,0.0
A80V,80.0,1,0.0
A81A,81.0,0,0.0
A81R,81.0,1,0.0
A81N,81.0,1,0.0
A81D,81.0,1,0.0
A81C,81.0,1,0.0
A81Q,81.0,1,0.0
A81E,81.0,1,0.0
A81G,81.0,1,0.0
A81H,81.0,1,0.0
A81I,81.0,1,0.0
A81L,81.0,1,0.0
A81K,81.0,1,0.0
A81M,81.0,1,0.0
A81F,81.0,1,0.0
A81P,81.0,1,0.0
A81S,81.0,1,0.0
A81T,81.0,1,0.0
A81W,81.0,1,0.0
A81Y,81.0,1,0.0
A81V,81.0,1,0.0
L82A,82.0,1,-0.14330452680587769
L82R,82.0,1,0.0
L82N,82.0,1,0.0
L82D,82.0,1,0.0
L82C,82.0,1,0.0
L82Q,82.0,1,0.0
L82E,82.0,1,0.0
L82G,82.0,1,-0.1597204953432083
L82H,82.0,1,0.0
L82I,82.0,1,0.0
L82L,82.0,0,0.3030250370502472
L82K,82.0,1,0.0
L82M,82.0,1,0.0
L82F,82.0,1,0.0
L82P,82.0,1,0.0
L82S,82.0,1,0.0
L82T,82.0,1,0.0
L82W,82.0,1,0.0
L82Y,82.0,1,0.0
L82V,82.0,1,0.0
R83A,83.0,1,-0.15664240717887878
R83R,83.0,0,-0.04376035928726196
R83N,83.0,1,0.0
R83D,83.0,1,0.0
R83C,83.0,1,0.0
R83Q,83.0,1,0.0
R83E,83.0,1,0.0
R83G,83.0,1,0.0
R83H,83.0,1,0.0
R83I,83.0,1,0.0
R83L,83.0,1,0.0
R83K,83.0,1,0.0
R83M,83.0,1,0.0
R83F,83.0,1,0.0
R83P,83.0,1,0.0
R83S,83.0,1,0.20040276646614075
R83T,83.0,1,0.0
R83W,83.0,1,0.0
R83Y,83.0,1,0.0
R83V,83.0,1,0.0
N84A,84.0,1,0.0
N84R,84.0,1,0.0
N84N,84.0,0,0.11629419028759003
N84D,84.0,1,0.0
N84C,84.0,1,0.0
N84Q,84.0,1,0.0
N84E,84.0,1,0.0
N84G,84.0,1,0.0
N84H,84.0,1,0.0
N84I,84.0,1,0.0
N84L,84.0,1,0.0
N84K,84.0,1,0.0
N84M,84.0,1,0.0
N84F,84.0,1,0.0
N84P,84.0,1,-0.0971347838640213
N84S,84.0,1,0.0
N84T,84.0,1,-0.019159415736794472
N84W,84.0,1,0.0
N84Y,84.0,1,0.0
N84V,84.0,1,0.0
S85A,85.0,1,0.0
S85R,85.0,1,0.0
S85N,85.0,1,0.0
S85D,85.0,1,0.0
S85C,85.0,1,0.0
S85Q,85.0,1,0.0
S85E,85.0,1,0.0
S85G,85.0,1,0.0
S85H,85.0,1,0.0
S85I,85.0,1,0.0
S85L,85.0,1,0.0
S85K,85.0,1,0.0
S85M,85.0,1,0.0
S85F,85.0,1,0.0
S85P,85.0,1,0.0
S85S,85.0,0,0.0
S85T,85.0,1,0.0
S85W,85.0,1,0.0
S85Y,85.0,1,0.0
S85V,85.0,1,0.0
I86A,86.0,1,0.0
I86R,86.0,1,0.0
I86N,86.0,1,-0.07353699207305908
I86D,86.0,1,0.0
I86C,86.0,1,0.0
I86Q,86.0,1,0.0
I86E,86.0,1,0.0
I86G,86.0,1,0.0
I86H,86.0,1,0.0
I86I,86.0,0,0.270192950963974
I86L,86.0,1,0.0
I86K,86.0,1,0.0
I86M,86.0,1,0.0
I86F,86.0,1,0.0
I86P,86.0,1,0.0
I86S,86.0,1,-0.1966560035943985
I86T,86.0,1,0.0
I86W,86.0,1,0.0
I86Y,86.0,1,0.0
I86V,86.0,1,0.0
T87A,87.0,1,0.0
T87R,87.0,1,0.0
T87N,87.0,1,0.0
T87D,87.0,1,0.0
T87C,87.0,1,0.0
T87Q,87.0,1,0.0
T87E,87.0,1,0.0
T87G,87.0,1,-0.004795637913048267
T87H,87.0,1,0.0
T87I,87.0,1,0.0
T87L,87.0,1,0.0
T87K,87.0,1,0.0
T87M,87.0,1,0.0
T87F,87.0,1,0.0
T87P,87.0,1,0.04855562746524811
T87S,87.0,1,0.0
T87T,87.0,0,-0.04375993087887764
T87W,87.0,1,0.0
T87Y,87.0,1,0.0
T87V,87.0,1,0.0
T88A,88.0,1,0.0
T88R,88.0,1,0.0
T88N,88.0,1,0.2106453776359558
T88D,88.0,1,0.0
T88C,88.0,1,0.0
T88Q,88.0,1,0.0
T88E,88.0,1,0.0
T88G,88.0,1,0.0
T88H,88.0,1,0.0
T88I,88.0,1,0.0
T88L,88.0,1,0.0
T88K,88.0,1,-0.3831402063369751
T88M,88.0,1,0.0
T88F,88.0,1,0.0
T88P,88.0,1,0.0
T88S,88.0,1,0.0
T88T,88.0,0,0.1724965125322342
T88W,88.0,1,0.0
T88Y,88.0,1,0.0
T88V,88.0,1,0.0
A89A,89.0,0,0.0
A89R,89.0,1,0.0
A89N,89.0,1,0.0
A89D,89.0,1,0.0
A89C,89.0,1,0.0
A89Q,89.0,1,0.0
A89E,89.0,1,0.0
A89G,89.0,1,0.0
A89H,89.0,1,0.0
A89I,89.0,1,0.0
A89L,89.0,1,0.0
A89K,89.0,1,0.0
A89M,89.0,1,0.0
A89F,89.0,1,0.0
A89P,89.0,1,0.0
A89S,89.0,1,0.0
A89T,89.0,1,0.0
A89W,89.0,1,0.0
A89Y,89.0,1,0.0
A89V,89.0,1,0.0
E90A,90.0,1,0.0
E90R,90.0,1,0.0
E90N,90.0,1,0.0
E90D,90.0,1,-0.3087203800678253
E90C,90.0,1,0.0
E90Q,90.0,1,0.0
E90E,90.0,0,0.3087204098701477
E90G,90.0,1,0.0
E90H,90.0,1,0.0
E90I,90.0,1,0.0
E90L,90.0,1,0.0
E90K,90.0,1,0.0
E90M,90.0,1,0.0
E90F,90.0,1,0.0
E90P,90.0,1,0.0
E90S,90.0,1,0.0
E90T,90.0,1,0.0
E90W,90.0,1,0.0
E90Y,90.0,1,0.0
E90V,90.0,1,0.0
T91A,91.0,1,0.0
T91R,91.0,1,0.0
T91N,91.0,1,0.0
T91D,91.0,1,0.0
T91C,91.0,1,0.0
T91Q,91.0,1,0.0
T91E,91.0,1,0.0
T91G,91.0,1,0.0
T91H,91.0,1,0.0
T91I,91.0,1,0.0
T91L,91.0,1,0.0
T91K,91.0,1,0.0
T91M,91.0,1,0.0
T91F,91.0,1,0.0
T91P,91.0,1,0.0
T91S,91.0,1,0.0
T91T,91.0,0,0.0
T91W,91.0,1,0.0
T91Y,91.0,1,0.0
T91V,91.0,1,0.0
F92A,92.0,1,0.0
F92R,92.0,1,0.0
F92N,92.0,1,0.0
F92D,92.0,1,0.0
F92C,92.0,1,0.0
F92Q,92.0,1,0.0
F92E,92.0,1,0.0
F92G,92.0,1,0.0
F92H,92.0,1,0.0
F92I,92.0,1,0.0
F92L,92.0,1,0.0
F92K,92.0,1,0.0
F92M,92.0,1,0.0
F92F,92.0,0,0.0
F92P,92.0,1,0.0
F92S,92.0,1,0.0
F92T,92.0,1,0.0
F92W,92.0,1,0.0
F92Y,92.0,1,0.0
F92V,92.0,1,0.0
S93A,93.0,1,0.0
S93R,93.0,1,0.0
S93N,93.0,1,0.0
S93D,93.0,1,0.0
S93C,93.0,1,0.0
S93Q,93.0,1,0.0
S93E,93.0,1,0.0
S93G,93.0,1,0.0
S93H,93.0,1,0.0
S93I,93.0,1,0.0
S93L,93.0,1,0.0
S93K,93.0,1,0.0
S93M,93.0,1,0.0
S93F,93.0,1,-0.3831402063369751
S93P,93.0,1,0.0
S93S,93.0,0,0.38314053416252136
S93T,93.0,1,0.0
S93W,93.0,1,0.0
S93Y,93.0,1,0.0
S93V,93.0,1,0.0
L94A,94.0,1,0.0
L94R,94.0,1,0.0
L94N,94.0,1,0.0
L94D,94.0,1,0.0
L94C,94.0,1,0.0
L94Q,94.0,1,0.0
L94E,94.0,1,0.0
L94G,94.0,1,0.0
L94H,94.0,1,0.0
L94I,94.0,1,0.0
L94L,94.0,0,0.0
L94K,94.0,1,0.0
L94M,94.0,1,0.0
L94F,94.0,1,0.0
L94P,94.0,1,0.0
L94S,94.0,1,0.0
L94T,94.0,1,0.0
L94W,94.0,1,0.0
L94Y,94.0,1,0.0
L94V,94.0,1,0.0
D95A,95.0,1,0.0
D95R,95.0,1,0.0
D95N,95.0,1,0.0
D95D,95.0,0,0.0
D95C,95.0,1,0.0
D95Q,95.0,1,0.0
D95E,95.0,1,0.0
D95G,95.0,1,0.0
D95H,95.0,1,0.0
D95I,95.0,1,0.0
D95L,95.0,1,0.0
D95K,95.0,1,0.0
D95M,95.0,1,0.0
D95F,95.0,1,0.0
D95P,95.0,1,0.0
D95S,95.0,1,0.0
D95T,95.0,1,0.0
D95W,95.0,1,0.0
D95Y,95.0,1,0.0
D95V,95.0,1,0.0
E96A,96.0,1,0.0
E96R,96.0,1,0.0
E96N,96.0,1,0.0
E96D,96.0,1,0.0
E96C,96.0,1,0.0
E96Q,96.0,1,0.0
E96E,96.0,0,0.0
E96G,96.0,1,0.0
E96H,96.0,1,0.0
E96I,96.0,1,0.0
E96L,96.0,1,0.0
E96K,96.0,1,0.0
E96M,96.0,1,0.0
E96F,96.0,1,0.0
E96P,96.0,1,0.0
E96S,96.0,1,0.0
E96T,96.0,1,0.0
E96W,96.0,1,0.0
E96Y,96.0,1,0.0
E96V,96.0,1,0.0
L97A,97.0,1,0.0
L97R,97.0,1,0.0
L97N,97.0,1,0.0
L97D,97.0,1,0.0
L97C,97.0,1,0.0
L97Q,97.0,1,0.0
L97E,97.0,1,0.0
L97G,97.0,1,0.0
L97H,97.0,1,0.0
L97I,97.0,1,0.0
L97L,97.0,0,0.0
L97K,97.0,1,0.0
L97M,97.0,1,0.0
L97F,97.0,1,0.0
L97P,97.0,1,0.0
L97S,97.0,1,0.0
L97T,97.0,1,0.0
L97W,97.0,1,0.0
L97Y,97.0,1,0.0
L97V,97.0,1,0.0
N98A,98.0,1,0.0
N98R,98.0,1,0.0
N98N,98.0,0,0.0
N98D,98.0,1,0.0
N98C,98.0,1,0.0
N98Q,98.0,1,0.0
N98E,98.0,1,0.0
N98G,98.0,1,0.0
N98H,98.0,1,0.0
N98I,98.0,1,0.0
N98L,98.0,1,0.0
N98K,98.0,1,0.0
N98M,98.0,1,0.0
N98F,98.0,1,0.0
N98P,98.0,1,0.0
N98S,98.0,1,0.0
N98T,98.0,1,0.0
N98W,98.0,1,0.0
N98Y,98.0,1,0.0
N98V,98.0,1,0.0
K99A,99.0,1,0.0
K99R,99.0,1,0.0
K99N,99.0,1,0.0
K99D,99.0,1,0.0
K99C,99.0,1,0.0
K99Q,99.0,1,0.0
K99E,99.0,1,0.0
K99G,99.0,1,0.0
K99H,99.0,1,0.0
K99I,99.0,1,0.0
K99L,99.0,1,0.0
K99K,99.0,0,0.0
K99M,99.0,1,0.0
K99F,99.0,1,0.0
K99P,99.0,1,0.0
K99S,99.0,1,0.0
K99T,99.0,1,0.0
K99W,99.0,1,0.0
K99Y,99.0,1,0.0
K99V,99.0,1,0.0
H100A,100.0,1,0.0
H100R,100.0,1,0.0
H100N,100.0,1,0.0
H100D,100.0,1,0.0
H100C,100.0,1,0.0
H100Q,100.0,1,0.0
H100E,100.0,1,0.0
H100G,100.0,1,0.0
H100H,100.0,0,0.0
H100I,100.0,1,0.0
H100L,100.0,1,0.0
H100K,100.0,1,0.0
H100M,100.0,1,0.0
H100F,100.0,1,0.0
H100P,100.0,1,0.0
H100S,100.0,1,0.0
H100T,100.0,1,0.0
H100W,100.0,1,0.0
H100Y,100.0,1,0.0
H100V,100.0,1,0.0
N101A,101.0,1,0.0
N101R,101.0,1,0.0
N101N,101.0,0,0.0
N101D,101.0,1,0.0
N101C,101.0,1,0.0
N101Q,101.0,1,0.0
N101E,101.0,1,0.0
N101G,101.0,1,0.0
N101H,101.0,1,0.0
N101I,101.0,1,0.0
N101L,101.0,1,0.0
N101K,101.0,1,0.0
N101M,101.0,1,0.0
N101F,101.0,1,0.0
N101P,101.0,1,0.0
N101S,101.0,1,0.0
N101T,101.0,1,0.0
N101W,101.0,1,0.0
N101Y,101.0,1,0.0
N101V,101.0,1,0.0
G102A,102.0,1,0.0
G102R,102.0,1,0.0
G102N,102.0,1,0.0
G102D,102.0,1,0.0
G102C,102.0,1,0.0
G102Q,102.0,1,0.0
G102E,102.0,1,0.0
G102G,102.0,0,0.13271038234233856
G102H,102.0,1,0.0
G102I,102.0,1,-0.09713483601808548
G102L,102.0,1,0.0
G102K,102.0,1,0.0
G102M,102.0,1,0.0
G102F,102.0,1,0.0
G102P,102.0,1,0.0
G102S,102.0,1,0.0
G102T,102.0,1,0.0
G102W,102.0,1,0.0
G102Y,102.0,1,0.0
G102V,102.0,1,-0.03557547554373741
I103A,103.0,1,0.0
I103R,103.0,1,0.0
I103N,103.0,1,0.0
I103D,103.0,1,0.0
I103C,103.0,1,0.0
I103Q,103.0,1,0.0
I103E,103.0,1,0.0
I103G,103.0,1,0.0
I103H,103.0,1,0.0
I103I,103.0,0,0.0
I103L,103.0,1,0.0
I103K,103.0,1,0.0
I103M,103.0,1,0.0
I103F,103.0,1,0.0
I103P,103.0,1,0.0
I103S,103.0,1,0.0
I103T,103.0,1,0.0
I103W,103.0,1,0.0
I103Y,103.0,1,0.0
I103V,103.0,1,0.0
E104A,104.0,1,0.0
E104R,104.0,1,0.0
E104N,104.0,1,0.0
E104D,104.0,1,0.0
E104C,104.0,1,0.0
E104Q,104.0,1,0.0
E104E,104.0,0,0.0
E104G,104.0,1,0.0
E104H,104.0,1,0.0
E104I,104.0,1,0.0
E104L,104.0,1,0.0
E104K,104.0,1,0.0
E104M,104.0,1,0.0
E104F,104.0,1,0.0
E104P,104.0,1,0.0
E104S,104.0,1,0.0
E104T,104.0,1,0.0
E104W,104.0,1,0.0
E104Y,104.0,1,0.0
E104V,104.0,1,0.0
H105A,105.0,1,0.0
H105R,105.0,1,0.0
H105N,105.0,1,0.0
H105D,105.0,1,0.0
H105C,105.0,1,0.0
H105Q,105.0,1,0.0
H105E,105.0,1,0.0
H105G,105.0,1,0.0
H105H,105.0,0,0.0
H105I,105.0,1,0.0
H105L,105.0,1,0.0
H105K,105.0,1,0.0
H105M,105.0,1,0.0
H105F,105.0,1,0.0
H105P,105.0,1,0.0
H105S,105.0,1,0.0
H105T,105.0,1,0.0
H105W,105.0,1,0.0
H105Y,105.0,1,0.0
H105V,105.0,1,0.0
D106A,106.0,1,0.0
D106R,106.0,1,0.0
D106N,106.0,1,0.0
D106D,106.0,0,0.0
D106C,106.0,1,0.0
D106Q,106.0,1,0.0
D106E,106.0,1,0.0
D106G,106.0,1,0.0
D106H,106.0,1,0.0
D106I,106.0,1,0.0
D106L,106.0,1,0.0
D106K,106.0,1,0.0
D106M,106.0,1,0.0
D106F,106.0,1,0.0
D106P,106.0,1,0.0
D106S,106.0,1,0.0
D106T,106.0,1,0.0
D106W,106.0,1,0.0
D106Y,106.0,1,0.0
D106V,106.0,1,0.0
A107A,107.0,0,0.0
A107R,107.0,1,0.0
A107N,107.0,1,0.0
A107D,107.0,1,0.0
A107C,107.0,1,0.0
A107Q,107.0,1,0.0
A107E,107.0,1,0.0
A107G,107.0,1,0.0
A107H,107.0,1,0.0
A107I,107.0,1,0.0
A107L,107.0,1,0.0
A107K,107.0,1,0.0
A107M,107.0,1,0.0
A107F,107.0,1,0.0
A107P,107.0,1,0.0
A107S,107.0,1,0.0
A107T,107.0,1,0.0
A107W,107.0,1,0.0
A107Y,107.0,1,0.0
A107V,107.0,1,0.0
S108A,108.0,1,0.0
S108R,108.0,1,0.0
S108N,108.0,1,0.0
S108D,108.0,1,0.0
S108C,108.0,1,0.0
S108Q,108.0,1,0.0
S108E,108.0,1,0.0
S108G,108.0,1,0.0
S108H,108.0,1,0.0
S108I,108.0,1,0.0
S108L,108.0,1,0.0
S108K,108.0,1,0.0
S108M,108.0,1,0.0
S108F,108.0,1,0.0
S108P,108.0,1,0.0
S108S,108.0,0,0.0
S108T,108.0,1,0.0
S108W,108.0,1,0.0
S108Y,108.0,1,0.0
S108V,108.0,1,0.0
L109A,109.0,1,0.0
L109R,109.0,1,0.0
L109N,109.0,1,0.0
L109D,109.0,1,0.0
L109C,109.0,1,0.0
L109Q,109.0,1,0.0
L109E,109.0,1,0.0
L109G,109.0,1,0.0
L109H,109.0,1,0.0
L109I,109.0,1,0.0
L109L,109.0,0,0.0
L109K,109.0,1,0.0
L109M,109.0,1,0.0
L109F,109.0,1,0.0
L109P,109.0,1,0.0
L109S,109.0,1,0.0
L109T,109.0,1,0.0
L109W,109.0,1,0.0
L109Y,109.0,1,0.0
L109V,109.0,1,0.0
S110A,110.0,1,0.0
S110R,110.0,1,0.0
S110N,110.0,1,0.0
S110D,110.0,1,0.0
S110C,110.0,1,0.0
S110Q,110.0,1,0.0
S110E,110.0,1,0.0
S110G,110.0,1,0.0
S110H,110.0,1,0.0
S110I,110.0,1,0.0
S110L,110.0,1,0.0
S110K,110.0,1,0.0
S110M,110.0,1,0.0
S110F,110.0,1,0.0
S110P,110.0,1,0.0
S110S,110.0,0,0.0
S110T,110.0,1,0.0
S110W,110.0,1,0.0
S110Y,110.0,1,0.0
S110V,110.0,1,0.0
R111A,111.0,1,0.0
R111R,111.0,0,0.0
R111N,111.0,1,0.0
R111D,111.0,1,0.0
R111C,111.0,1,0.0
R111Q,111.0,1,0.0
R111E,111.0,1,0.0
R111G,111.0,1,0.0
R111H,111.0,1,0.0
R111I,111.0,1,0.0
R111L,111.0,1,0.0
R111K,111.0,1,0.0
R111M,111.0,1,0.0
R111F,111.0,1,0.0
R111P,111.0,1,0.0
R111S,111.0,1,0.0
R111T,111.0,1,0.0
R111W,111.0,1,0.0
R111Y,111.0,1,0.0
R111V,111.0,1,0.0
Q112A,112.0,1,0.0
Q112R,112.0,1,0.0
Q112N,112.0,1,0.0
Q112D,112.0,1,0.0
Q112C,112.0,1,0.0
Q112Q,112.0,0,0.0
Q112E,112.0,1,0.0
Q112G,112.0,1,0.0
Q112H,112.0,1,0.0
Q112I,112.0,1,0.0
Q112L,112.0,1,0.0
Q112K,112.0,1,0.0
Q112M,112.0,1,0.0
Q112F,112.0,1,0.0
Q112P,112.0,1,0.0
Q112S,112.0,1,0.0
Q112T,112.0,1,0.0
Q112W,112.0,1,0.0
Q112Y,112.0,1,0.0
Q112V,112.0,1,0.0
D113A,113.0,1,0.0
D113R,113.0,1,0.0
D113N,113.0,1,0.0
D113D,113.0,0,0.0
D113C,113.0,1,0.0
D113Q,113.0,1,0.0
D113E,113.0,1,0.0
D113G,113.0,1,0.0
D113H,113.0,1,0.0
D113I,113.0,1,0.0
D113L,113.0,1,0.0
D113K,113.0,1,0.0
D113M,113.0,1,0.0
D113F,113.0,1,0.0
D113P,113.0,1,0.0
D113S,113.0,1,0.0
D113T,113.0,1,0.0
D113W,113.0,1,0.0
D113Y,113.0,1,0.0
D113V,113.0,1,0.0
F114A,114.0,1,0.019597023725509644
F114R,114.0,1,0.0
F114N,114.0,1,0.0
F114D,114.0,1,0.0
F114C,114.0,1,0.0
F114Q,114.0,1,0.0
F114E,114.0,1,0.0
F114G,114.0,1,0.0
F114H,114.0,1,0.0
F114I,114.0,1,0.0
F114L,114.0,1,0.0
F114K,114.0,1,0.0
F114M,114.0,1,0.0
F114F,114.0,0,-0.019597027450799942
F114P,114.0,1,0.0
F114S,114.0,1,0.0
F114T,114.0,1,0.0
F114W,114.0,1,0.0
F114Y,114.0,1,0.0
F114V,114.0,1,0.0
Y115A,115.0,1,0.0
Y115R,115.0,1,0.0
Y115N,115.0,1,0.0
Y115D,115.0,1,0.0
Y115C,115.0,1,0.0
Y115Q,115.0,1,0.0
Y115E,115.0,1,0.0
Y115G,115.0,1,0.0
Y115H,115.0,1,0.0
Y115I,115.0,1,0.0
Y115L,115.0,1,0.0
Y115K,115.0,1,0.0
Y115M,115.0,1,0.0
Y115F,115.0,1,0.0
Y115P,115.0,1,0.0
Y115S,115.0,1,0.0
Y115T,115.0,1,0.0
Y115W,115.0,1,0.0
Y115Y,115.0,0,0.0
Y115V,115.0,1,0.0
F116A,116.0,1,0.0
F116R,116.0,1,0.0
F116N,116.0,1,0.0
F116D,116.0,1,0.0
F116C,116.0,1,0.0
F116Q,116.0,1,0.0
F116E,116.0,1,0.0
F116G,116.0,1,0.0
F116H,116.0,1,0.0
F116I,116.0,1,0.0
F116L,116.0,1,0.0
F116K,116.0,1,0.0
F116M,116.0,1,0.0
F116F,116.0,0,0.0
F116P,116.0,1,0.0
F116S,116.0,1,0.0
F116T,116.0,1,0.0
F116W,116.0,1,0.0
F116Y,116.0,1,0.0
F116V,116.0,1,0.0
G117A,117.0,1,0.0
G117R,117.0,1,0.0
G117N,117.0,1,0.0
G117D,117.0,1,0.0
G117C,117.0,1,0.0
G117Q,117.0,1,0.0
G117E,117.0,1,0.0
G117G,117.0,0,0.0
G117H,117.0,1,0.0
G117I,117.0,1,0.0
G117L,117.0,1,0.0
G117K,117.0,1,0.0
G117M,117.0,1,0.0
G117F,117.0,1,0.0
G117P,117.0,1,0.0
G117S,117.0,1,0.0
G117T,117.0,1,0.0
G117W,117.0,1,0.0
G117Y,117.0,1,0.0
G117V,117.0,1,0.0
N118A,118.0,1,0.0
N118R,118.0,1,0.0
N118N,118.0,0,0.0
N118D,118.0,1,0.0
N118C,118.0,1,0.0
N118Q,118.0,1,0.0
N118E,118.0,1,0.0
N118G,118.0,1,0.0
N118H,118.0,1,0.0
N118I,118.0,1,0.0
N118L,118.0,1,0.0
N118K,118.0,1,0.0
N118M,118.0,1,0.0
N118F,118.0,1,0.0
N118P,118.0,1,0.0
N118S,118.0,1,0.0
N118T,118.0,1,0.0
N118W,118.0,1,0.0
N118Y,118.0,1,0.0
N118V,118.0,1,0.0
V119A,119.0,1,0.0
V119R,119.0,1,0.0
V119N,119.0,1,0.01469824556261301
V119D,119.0,1,0.04752998799085617
V119C,119.0,1,0.0
V119Q,119.0,1,0.0
V119E,119.0,1,0.0
V119G,119.0,1,0.0
V119H,119.0,1,0.0
V119I,119.0,1,0.0
V119L,119.0,1,0.0
V119K,119.0,1,0.0
V119M,119.0,1,0.0
V119F,119.0,1,0.0
V119P,119.0,1,0.0
V119S,119.0,1,0.0
V119T,119.0,1,0.0
V119W,119.0,1,0.0
V119Y,119.0,1,0.0
V119V,119.0,0,-0.0622282400727272
Q120A,120.0,1,0.0
Q120R,120.0,1,0.0
Q120N,120.0,1,-0.06248193234205246
Q120D,120.0,1,0.0
Q120C,120.0,1,0.0
Q120Q,120.0,0,0.06248195469379425
Q120E,120.0,1,0.0
Q120G,120.0,1,0.0
Q120H,120.0,1,0.0
Q120I,120.0,1,0.0
Q120L,120.0,1,0.0
Q120K,120.0,1,0.0
Q120M,120.0,1,0.0
Q120F,120.0,1,0.0
Q120P,120.0,1,0.0
Q120S,120.0,1,0.0
Q120T,120.0,1,0.0
Q120W,120.0,1,0.0
Q120Y,120.0,1,0.0
Q120V,120.0,1,0.0
A121A,121.0,0,-0.00887665431946516
A121R,121.0,1,0.0
A121N,121.0,1,0.0
A121D,121.0,1,0.0
A121C,121.0,1,0.0
A121Q,121.0,1,0.0
A121E,121.0,1,0.0
A121G,121.0,1,0.0
A121H,121.0,1,0.0
A121I,121.0,1,0.0
A121L,121.0,1,0.0
A121K,121.0,1,0.0
A121M,121.0,1,0.0
A121F,121.0,1,0.0
A121P,121.0,1,0.0
A121S,121.0,1,0.033166106790304184
A121T,121.0,1,-0.024289432913064957
A121W,121.0,1,0.0
A121Y,121.0,1,0.0
A121V,121.0,1,0.0
F122A,122.0,1,0.0
F122R,122.0,1,0.0
F122N,122.0,1,0.0
F122D,122.0,1,0.0
F122C,122.0,1,0.0
F122Q,122.0,1,0.0
F122E,122.0,1,0.0
F122G,122.0,1,0.0
F122H,122.0,1,0.0
F122I,122.0,1,0.0
F122L,122.0,1,0.0
F122K,122.0,1,0.0
F122M,122.0,1,0.0
F122F,122.0,0,0.0
F122P,122.0,1,0.0
F122S,122.0,1,0.0
F122T,122.0,1,0.0
F122W,122.0,1,0.0
F122Y,122.0,1,0.0
F122V,122.0,1,0.0
N123A,123.0,1,0.0
N123R,123.0,1,0.0
N123N,123.0,0,0.0
N123D,123.0,1,0.0
N123C,123.0,1,0.0
N123Q,123.0,1,0.0
N123E,123.0,1,0.0
N123G,123.0,1,0.0
N123H,123.0,1,0.0
N123I,123.0,1,0.0
N123L,123.0,1,0.0
N123K,123.0,1,0.0
N123M,123.0,1,0.0
N123F,123.0,1,0.0
N123P,123.0,1,0.0
N123S,123.0,1,0.0
N123T,123.0,1,0.0
N123W,123.0,1,0.0
N123Y,123.0,1,0.0
N123V,123.0,1,0.0
E124A,124.0,1,0.0
E124R,124.0,1,0.0
E124N,124.0,1,0.0
E124D,124.0,1,0.0
E124C,124.0,1,0.0
E124Q,124.0,1,0.0
E124E,124.0,0,0.0
E124G,124.0,1,0.0
E124H,124.0,1,0.0
E124I,124.0,1,0.0
E124L,124.0,1,0.0
E124K,124.0,1,0.0
E124M,124.0,1,0.0
E124F,124.0,1,0.0
E124P,124.0,1,0.0
E124S,124.0,1,0.0
E124T,124.0,1,0.0
E124W,124.0,1,0.0
E124Y,124.0,1,0.0
E124V,124.0,1,0.0
T125A,125.0,1,0.0
T125R,125.0,1,0.0
T125N,125.0,1,0.0
T125D,125.0,1,0.0
T125C,125.0,1,0.0
T125Q,125.0,1,0.0
T125E,125.0,1,0.0
T125G,125.0,1,0.0
T125H,125.0,1,0.0
T125I,125.0,1,0.0
T125L,125.0,1,0.0
T125K,125.0,1,0.0
T125M,125.0,1,0.0
T125F,125.0,1,0.0
T125P,125.0,1,0.0
T125S,125.0,1,0.0
T125T,125.0,0,0.0
T125W,125.0,1,0.0
T125Y,125.0,1,0.0
T125V,125.0,1,0.0
I126A,126.0,1,0.0
I126R,126.0,1,0.0
I126N,126.0,1,0.0
I126D,126.0,1,0.0
I126C,126.0,1,0.0
I126Q,126.0,1,0.0
I126E,126.0,1,0.0
I126G,126.0,1,0.0
I126H,126.0,1,0.0
I126I,126.0,0,0.0
I126L,126.0,1,0.0
I126K,126.0,1,0.0
I126M,126.0,1,0.0
I126F,126.0,1,0.0
I126P,126.0,1,0.0
I126S,126.0,1,0.0
I126T,126.0,1,0.0
I126W,126.0,1,0.0
I126Y,126.0,1,0.0
I126V,126.0,1,0.0
F127A,127.0,1,0.0
F127R,127.0,1,0.0
F127N,127.0,1,0.0
F127D,127.0,1,0.0
F127C,127.0,1,0.0
F127Q,127.0,1,0.0
F127E,127.0,1,0.0
F127G,127.0,1,0.0
F127H,127.0,1,0.0
F127I,127.0,1,0.0
F127L,127.0,1,0.0
F127K,127.0,1,0.0
F127M,127.0,1,0.0
F127F,127.0,0,0.0
F127P,127.0,1,0.0
F127S,127.0,1,0.0
F127T,127.0,1,0.0
F127W,127.0,1,0.0
F127Y,127.0,1,0.0
F127V,127.0,1,0.0
N128A,128.0,1,0.0
N128R,128.0,1,0.0
N128N,128.0,0,0.0
N128D,128.0,1,0.0
N128C,128.0,1,0.0
N128Q,128.0,1,0.0
N128E,128.0,1,0.0
N128G,128.0,1,0.0
N128H,128.0,1,0.0
N128I,128.0,1,0.0
N128L,128.0,1,0.0
N128K,128.0,1,0.0
N128M,128.0,1,0.0
N128F,128.0,1,0.0
N128P,128.0,1,0.0
N128S,128.0,1,0.0
N128T,128.0,1,0.0
N128W,128.0,1,0.0
N128Y,128.0,1,0.0
N128V,128.0,1,0.0
Q129A,129.0,1,0.0
Q129R,129.0,1,0.0
Q129N,129.0,1,0.0
Q129D,129.0,1,0.0
Q129C,129.0,1,0.0
Q129Q,129.0,0,0.0
Q129E,129.0,1,0.0
Q129G,129.0,1,0.0
Q129H,129.0,1,0.0
Q129I,129.0,1,0.0
Q129L,129.0,1,0.0
Q129K,129.0,1,0.0
Q129M,129.0,1,0.0
Q129F,129.0,1,0.0
Q129P,129.0,1,0.0
Q129S,129.0,1,0.0
Q129T,129.0,1,0.0
Q129W,129.0,1,0.0
Q129Y,129.0,1,0.0
Q129V,129.0,1,0.0
T130A,130.0,1,0.0
T130R,130.0,1,0.0
T130N,130.0,1,0.0
T130D,130.0,1,0.0
T130C,130.0,1,0.0
T130Q,130.0,1,0.0
T130E,130.0,1,0.0
T130G,130.0,1,0.0
T130H,130.0,1,0.0
T130I,130.0,1,0.0
T130L,130.0,1,0.0
T130K,130.0,1,0.0
T130M,130.0,1,0.0
T130F,130.0,1,0.0
T130P,130.0,1,0.0
T130S,130.0,1,0.0
T130T,130.0,0,0.0
T130W,130.0,1,0.0
T130Y,130.0,1,0.0
T130V,130.0,1,0.0
R131A,131.0,1,0.0
R131R,131.0,0,0.0
R131N,131.0,1,0.0
R131D,131.0,1,0.0
R131C,131.0,1,0.0
R131Q,131.0,1,0.0
R131E,131.0,1,0.0
R131G,131.0,1,0.0
R131H,131.0,1,0.0
R131I,131.0,1,0.0
R131L,131.0,1,0.0
R131K,131.0,1,0.0
R131M,131.0,1,0.0
R131F,131.0,1,0.0
R131P,131.0,1,0.0
R131S,131.0,1,0.0
R131T,131.0,1,0.0
R131W,131.0,1,0.0
R131Y,131.0,1,0.0
R131V,131.0,1,0.0
S132A,132.0,1,0.0
S132R,132.0,1,0.0
S132N,132.0,1,0.0
S132D,132.0,1,0.0
S132C,132.0,1,0.0
S132Q,132.0,1,0.0
S132E,132.0,1,0.0
S132G,132.0,1,0.0
S132H,132.0,1,0.0
S132I,132.0,1,0.0
S132L,132.0,1,0.0
S132K,132.0,1,0.0
S132M,132.0,1,0.0
S132F,132.0,1,0.0
S132P,132.0,1,0.0
S132S,132.0,0,0.0
S132T,132.0,1,0.0
S132W,132.0,1,0.0
S132Y,132.0,1,0.0
S132V,132.0,1,0.0
Y133A,133.0,1,0.0
Y133R,133.0,1,0.0
Y133N,133.0,1,0.0
Y133D,133.0,1,0.0
Y133C,133.0,1,0.0
Y133Q,133.0,1,0.0
Y133E,133.0,1,0.0
Y133G,133.0,1,0.0
Y133H,133.0,1,0.0
Y133I,133.0,1,0.0
Y133L,133.0,1,0.0
Y133K,133.0,1,0.0
Y133M,133.0,1,0.0
Y133F,133.0,1,0.0
Y133P,133.0,1,0.0
Y133S,133.0,1,0.0
Y133T,133.0,1,0.0
Y133W,133.0,1,0.0
Y133Y,133.0,0,0.0
Y133V,133.0,1,0.0
W134A,134.0,1,0.0
W134R,134.0,1,0.0
W134N,134.0,1,0.0
W134D,134.0,1,0.0
W134C,134.0,1,0.0
W134Q,134.0,1,0.0
W134E,134.0,1,0.0
W134G,134.0,1,0.0
W134H,134.0,1,0.0
W134I,134.0,1,0.0
W134L,134.0,1,0.0
W134K,134.0,1,0.0
W134M,134.0,1,0.0
W134F,134.0,1,0.0
W134P,134.0,1,0.0
W134S,134.0,1,0.0
W134T,134.0,1,0.0
W134W,134.0,0,0.0
W134Y,134.0,1,0.0
W134V,134.0,1,0.0
T135A,135.0,1,0.0
T135R,135.0,1,0.0
T135N,135.0,1,0.0
T135D,135.0,1,0.0
T135C,135.0,1,0.0
T135Q,135.0,1,0.0
T135E,135.0,1,0.0
T135G,135.0,1,0.0
T135H,135.0,1,0.0
T135I,135.0,1,0.0
T135L,135.0,1,0.0
T135K,135.0,1,0.0
T135M,135.0,1,0.0
T135F,135.0,1,0.0
T135P,135.0,1,0.0
T135S,135.0,1,0.0
T135T,135.0,0,0.0
T135W,135.0,1,0.0
T135Y,135.0,1,0.0
T135V,135.0,1,0.0
D136A,136.0,1,0.0
D136R,136.0,1,0.0
D136N,136.0,1,0.0
D136D,136.0,0,0.0
D136C,136.0,1,0.0
D136Q,136.0,1,0.0
D136E,136.0,1,0.0
D136G,136.0,1,0.0
D136H,136.0,1,0.0
D136I,136.0,1,0.0
D136L,136.0,1,0.0
D136K,136.0,1,0.0
D136M,136.0,1,0.0
D136F,136.0,1,0.0
D136P,136.0,1,0.0
D136S,136.0,1,0.0
D136T,136.0,1,0.0
D136W,136.0,1,0.0
D136Y,136.0,1,0.0
D136V,136.0,1,0.0
P137A,137.0,1,0.0
P137R,137.0,1,0.0
P137N,137.0,1,0.0
P137D,137.0,1,0.0
P137C,137.0,1,0.0
P137Q,137.0,1,0.0
P137E,137.0,1,0.0
P137G,137.0,1,0.0
P137H,137.0,1,0.0
P137I,137.0,1,0.0
P137L,137.0,1,0.0
P137K,137.0,1,0.0
P137M,137.0,1,0.0
P137F,137.0,1,0.0
P137P,137.0,0,0.0
P137S,137.0,1,0.0
P137T,137.0,1,0.0
P137W,137.0,1,0.0
P137Y,137.0,1,0.0
P137V,137.0,1,0.0
V138A,138.0,1,0.0
V138R,138.0,1,0.0
V138N,138.0,1,0.0
V138D,138.0,1,0.0
V138C,138.0,1,0.0
V138Q,138.0,1,0.0
V138E,138.0,1,0.0
V138G,138.0,1,0.0
V138H,138.0,1,0.0
V138I,138.0,1,0.0
V138L,138.0,1,0.0
V138K,138.0,1,0.0
V138M,138.0,1,0.0
V138F,138.0,1,0.0
V138P,138.0,1,0.0
V138S,138.0,1,0.0
V138T,138.0,1,-0.04708769917488098
V138W,138.0,1,0.0
V138Y,138.0,1,0.0
V138V,138.0,0,0.04708770662546158
T139A,139.0,1,0.0
T139R,139.0,1,0.0
T139N,139.0,1,0.0
T139D,139.0,1,0.0
T139C,139.0,1,0.0
T139Q,139.0,1,0.0
T139E,139.0,1,0.0
T139G,139.0,1,0.0
T139H,139.0,1,0.0
T139I,139.0,1,0.0
T139L,139.0,1,0.0
T139K,139.0,1,0.0
T139M,139.0,1,0.0
T139F,139.0,1,0.0
T139P,139.0,1,0.0
T139S,139.0,1,0.0
T139T,139.0,0,0.0
T139W,139.0,1,0.0
T139Y,139.0,1,0.0
T139V,139.0,1,0.0
I140A,140.0,1,0.0
I140R,140.0,1,0.0
I140N,140.0,1,0.0
I140D,140.0,1,0.0
I140C,140.0,1,0.0
I140Q,140.0,1,0.0
I140E,140.0,1,0.0
I140G,140.0,1,0.0
I140H,140.0,1,0.0
I140I,140.0,0,0.13952483236789703
I140L,140.0,1,0.0
I140K,140.0,1,0.0
I140M,140.0,1,0.0
I140F,140.0,1,0.0
I140P,140.0,1,0.0
I140S,140.0,1,0.0
I140T,140.0,1,-0.13952483236789703
I140W,140.0,1,0.0
I140Y,140.0,1,0.0
I140V,140.0,1,0.0
D141A,141.0,1,0.0
D141R,141.0,1,0.0
D141N,141.0,1,0.0
D141D,141.0,0,0.0
D141C,141.0,1,0.0
D141Q,141.0,1,0.0
D141E,141.0,1,0.0
D141G,141.0,1,0.0
D141H,141.0,1,0.0
D141I,141.0,1,0.0
D141L,141.0,1,0.0
D141K,141.0,1,0.0
D141M,141.0,1,0.0
D141F,141.0,1,0.0
D141P,141.0,1,0.0
D141S,141.0,1,0.0
D141T,141.0,1,0.0
D141W,141.0,1,0.0
D141Y,141.0,1,0.0
D141V,141.0,1,0.0
I142A,142.0,1,0.0
I142R,142.0,1,0.0
I142N,142.0,1,0.0
I142D,142.0,1,0.0
I142C,142.0,1,0.0
I142Q,142.0,1,0.0
I142E,142.0,1,0.0
I142G,142.0,1,0.0
I142H,142.0,1,0.0
I142I,142.0,0,0.0
I142L,142.0,1,0.0
I142K,142.0,1,0.0
I142M,142.0,1,0.0
I142F,142.0,1,0.0
I142P,142.0,1,0.0
I142S,142.0,1,0.0
I142T,142.0,1,0.0
I142W,142.0,1,0.0
I142Y,142.0,1,0.0
I142V,142.0,1,0.0
H143A,143.0,1,-0.034550998359918594
H143R,143.0,1,0.0
H143N,143.0,1,0.0
H143D,143.0,1,0.0
H143C,143.0,1,0.0
H143Q,143.0,1,-0.13078755140304565
H143E,143.0,1,0.0
H143G,143.0,1,0.0
H143H,143.0,0,0.09371986985206604
H143I,143.0,1,0.0
H143L,143.0,1,0.0
H143K,143.0,1,0.0
H143M,143.0,1,0.0
H143F,143.0,1,0.0
H143P,143.0,1,0.0
H143S,143.0,1,0.0
H143T,143.0,1,0.07161865383386612
H143W,143.0,1,0.0
H143Y,143.0,1,0.0
H143V,143.0,1,0.0
Q144A,144.0,1,0.0
Q144R,144.0,1,0.0
Q144N,144.0,1,0.0
Q144D,144.0,1,0.0
Q144C,144.0,1,0.0
Q144Q,144.0,0,0.0
Q144E,144.0,1,0.0
Q144G,144.0,1,0.0
Q144H,144.0,1,0.0
Q144I,144.0,1,0.0
Q144L,144.0,1,0.0
Q144K,144.0,1,0.0
Q144M,144.0,1,0.0
Q144F,144.0,1,0.0
Q144P,144.0,1,0.0
Q144S,144.0,1,0.0
Q144T,144.0,1,0.0
Q144W,144.0,1,0.0
Q144Y,144.0,1,0.0
Q144V,144.0,1,0.0
A145A,145.0,0,0.0
A145R,145.0,1,0.0
A145N,145.0,1,0.0
A145D,145.0,1,0.0
A145C,145.0,1,0.0
A145Q,145.0,1,0.0
A145E,145.0,1,0.0
A145G,145.0,1,0.0
A145H,145.0,1,0.0
A145I,145.0,1,0.0
A145L,145.0,1,0.0
A145K,145.0,1,0.0
A145M,145.0,1,0.0
A145F,145.0,1,0.0
A145P,145.0,1,0.0
A145S,145.0,1,0.0
A145T,145.0,1,0.0
A145W,145.0,1,0.0
A145Y,145.0,1,0.0
A145V,145.0,1,0.0
A146A,146.0,0,0.0
A146R,146.0,1,0.0
A146N,146.0,1,0.0
A146D,146.0,1,0.0
A146C,146.0,1,0.0
A146Q,146.0,1,0.0
A146E,146.0,1,0.0
A146G,146.0,1,0.0
A146H,146.0,1,0.0
A146I,146.0,1,0.0
A146L,146.0,1,0.0
A146K,146.0,1,0.0
A146M,146.0,1,0.0
A146F,146.0,1,0.0
A146P,146.0,1,0.0
A146S,146.0,1,0.0
A146T,146.0,1,0.0
A146W,146.0,1,0.0
A146Y,146.0,1,0.0
A146V,146.0,1,0.0
N147A,147.0,1,0.0
N147R,147.0,1,0.0
N147N,147.0,0,0.0
N147D,147.0,1,0.0
N147C,147.0,1,0.0
N147Q,147.0,1,0.0
N147E,147.0,1,0.0
N147G,147.0,1,0.0
N147H,147.0,1,0.0
N147I,147.0,1,0.0
N147L,147.0,1,0.0
N147K,147.0,1,0.0
N147M,147.0,1,0.0
N147F,147.0,1,0.0
N147P,147.0,1,0.0
N147S,147.0,1,0.0
N147T,147.0,1,0.0
N147W,147.0,1,0.0
N147Y,147.0,1,0.0
N147V,147.0,1,0.0
A148A,148.0,0,0.0
A148R,148.0,1,0.0
A148N,148.0,1,0.0
A148D,148.0,1,0.0
A148C,148.0,1,0.0
A148Q,148.0,1,0.0
A148E,148.0,1,0.0
A148G,148.0,1,0.0
A148H,148.0,1,0.0
A148I,148.0,1,0.0
A148L,148.0,1,0.0
A148K,148.0,1,0.0
A148M,148.0,1,0.0
A148F,148.0,1,0.0
A148P,148.0,1,0.0
A148S,148.0,1,0.0
A148T,148.0,1,0.0
A148W,148.0,1,0.0
A148Y,148.0,1,0.0
A148V,148.0,1,0.0
R149A,149.0,1,0.0
R149R,149.0,0,0.0
R149N,149.0,1,0.0
R149D,149.0,1,0.0
R149C,149.0,1,0.0
R149Q,149.0,1,0.0
R149E,149.0,1,0.0
R149G,149.0,1,0.0
R149H,149.0,1,0.0
R149I,149.0,1,0.0
R149L,149.0,1,0.0
R149K,149.0,1,0.0
R149M,149.0,1,0.0
R149F,149.0,1,0.0
R149P,149.0,1,0.0
R149S,149.0,1,0.0
R149T,149.0,1,0.0
R149W,149.0,1,0.0
R149Y,149.0,1,0.0
R149V,149.0,1,0.0
N150A,150.0,1,-0.020698828622698784
N150R,150.0,1,0.0
N150N,150.0,0,0.07217741757631302
N150D,150.0,1,0.0
N150C,150.0,1,0.0
N150Q,150.0,1,0.0
N150E,150.0,1,0.0
N150G,150.0,1,0.0
N150H,150.0,1,0.0
N150I,150.0,1,0.0
N150L,150.0,1,-0.05147860199213028
N150K,150.0,1,0.0
N150M,150.0,1,0.0
N150F,150.0,1,0.0
N150P,150.0,1,0.0
N150S,150.0,1,0.0
N150T,150.0,1,0.0
N150W,150.0,1,0.0
N150Y,150.0,1,0.0
N150V,150.0,1,0.0
A151A,151.0,0,0.0
A151R,151.0,1,0.0
A151N,151.0,1,0.0
A151D,151.0,1,0.0
A151C,151.0,1,0.0
A151Q,151.0,1,0.0
A151E,151.0,1,0.0
A151G,151.0,1,0.0
A151H,151.0,1,0.0
A151I,151.0,1,0.0
A151L,151.0,1,0.0
A151K,151.0,1,0.0
A151M,151.0,1,0.0
A151F,151.0,1,0.0
A151P,151.0,1,0.0
A151S,151.0,1,0.0
A151T,151.0,1,0.0
A151W,151.0,1,0.0
A151Y,151.0,1,0.0
A151V,151.0,1,0.0
R152A,152.0,1,0.0
R152R,152.0,0,0.0
R152N,152.0,1,0.0
R152D,152.0,1,0.0
R152C,152.0,1,0.0
R152Q,152.0,1,0.0
R152E,152.0,1,0.0
R152G,152.0,1,0.0
R152H,152.0,1,0.0
R152I,152.0,1,0.0
R152L,152.0,1,0.0
R152K,152.0,1,0.0
R152M,152.0,1,0.0
R152F,152.0,1,0.0
R152P,152.0,1,0.0
R152S,152.0,1,0.0
R152T,152.0,1,0.0
R152W,152.0,1,0.0
R152Y,152.0,1,0.0
R152V,152.0,1,0.0
I153A,153.0,1,0.0
I153R,153.0,1,0.0
I153N,153.0,1,0.0
I153D,153.0,1,0.0
I153C,153.0,1,0.0
I153Q,153.0,1,0.0
I153E,153.0,1,0.0
I153G,153.0,1,0.0
I153H,153.0,1,0.0
I153I,153.0,0,0.0
I153L,153.0,1,0.0
I153K,153.0,1,0.0
I153M,153.0,1,0.0
I153F,153.0,1,0.0
I153P,153.0,1,0.0
I153S,153.0,1,0.0
I153T,153.0,1,0.0
I153W,153.0,1,0.0
I153Y,153.0,1,0.0
I153V,153.0,1,0.0
E154A,154.0,1,0.0
E154R,154.0,1,0.0
E154N,154.0,1,0.0
E154D,154.0,1,0.0
E154C,154.0,1,0.0
E154Q,154.0,1,0.0
E154E,154.0,0,0.0
E154G,154.0,1,0.0
E154H,154.0,1,0.0
E154I,154.0,1,0.0
E154L,154.0,1,0.0
E154K,154.0,1,0.0
E154M,154.0,1,0.0
E154F,154.0,1,0.0
E154P,154.0,1,0.0
E154S,154.0,1,0.0
E154T,154.0,1,0.0
E154W,154.0,1,0.0
E154Y,154.0,1,0.0
E154V,154.0,1,0.0
T155A,155.0,1,0.0
T155R,155.0,1,0.0
T155N,155.0,1,0.0
T155D,155.0,1,0.0
T155C,155.0,1,0.0
T155Q,155.0,1,0.0
T155E,155.0,1,0.0
T155G,155.0,1,0.0
T155H,155.0,1,0.0
T155I,155.0,1,0.0
T155L,155.0,1,0.0
T155K,155.0,1,0.0
T155M,155.0,1,0.0
T155F,155.0,1,0.0
T155P,155.0,1,0.0
T155S,155.0,1,0.0
T155T,155.0,0,0.0
T155W,155.0,1,0.0
T155Y,155.0,1,0.0
T155V,155.0,1,0.0
S156A,156.0,1,0.0
S156R,156.0,1,0.0
S156N,156.0,1,0.0
S156D,156.0,1,0.0
S156C,156.0,1,0.0
S156Q,156.0,1,0.0
S156E,156.0,1,0.0
S156G,156.0,1,0.0
S156H,156.0,1,0.0
S156I,156.0,1,0.0
S156L,156.0,1,0.0
S156K,156.0,1,0.0
S156M,156.0,1,0.0
S156F,156.0,1,0.0
S156P,156.0,1,0.0
S156S,156.0,0,0.0
S156T,156.0,1,0.0
S156W,156.0,1,0.0
S156Y,156.0,1,0.0
S156V,156.0,1,0.0
K157A,157.0,1,0.0
K157R,157.0,1,0.0
K157N,157.0,1,0.0
K157D,157.0,1,0.0
K157C,157.0,1,0.0
K157Q,157.0,1,0.0
K157E,157.0,1,0.0
K157G,157.0,1,0.0
K157H,157.0,1,0.0
K157I,157.0,1,0.0
K157L,157.0,1,0.0
K157K,157.0,0,0.0
K157M,157.0,1,0.0
K157F,157.0,1,0.0
K157P,157.0,1,0.0
K157S,157.0,1,0.0
K157T,157.0,1,0.0
K157W,157.0,1,0.0
K157Y,157.0,1,0.0
K157V,157.0,1,0.0
A158A,158.0,0,0.0
A158R,158.0,1,0.0
A158N,158.0,1,0.0
A158D,158.0,1,0.0
A158C,158.0,1,0.0
A158Q,158.0,1,0.0
A158E,158.0,1,0.0
A158G,158.0,1,0.0
A158H,158.0,1,0.0
A158I,158.0,1,0.0
A158L,158.0,1,0.0
A158K,158.0,1,0.0
A158M,158.0,1,0.0
A158F,158.0,1,0.0
A158P,158.0,1,0.0
A158S,158.0,1,0.0
A158T,158.0,1,0.0
A158W,158.0,1,0.0
A158Y,158.0,1,0.0
A158V,158.0,1,0.0
T159A,159.0,1,0.0
T159R,159.0,1,0.0
T159N,159.0,1,0.0
T159D,159.0,1,0.0
T159C,159.0,1,0.0
T159Q,159.0,1,0.0
T159E,159.0,1,0.0
T159G,159.0,1,0.0
T159H,159.0,1,0.0
T159I,159.0,1,0.0
T159L,159.0,1,0.0
T159K,159.0,1,0.0
T159M,159.0,1,0.0
T159F,159.0,1,0.0
T159P,159.0,1,0.0
T159S,159.0,1,0.0
T159T,159.0,0,0.0
T159W,159.0,1,0.0
T159Y,159.0,1,0.0
T159V,159.0,1,0.0
N160A,160.0,1,0.0
N160R,160.0,1,0.0
N160N,160.0,0,0.0
N160D,160.0,1,0.0
N160C,160.0,1,0.0
N160Q,160.0,1,0.0
N160E,160.0,1,0.0
N160G,160.0,1,0.0
N160H,160.0,1,0.0
N160I,160.0,1,0.0
N160L,160.0,1,0.0
N160K,160.0,1,0.0
N160M,160.0,1,0.0
N160F,160.0,1,0.0
N160P,160.0,1,0.0
N160S,160.0,1,0.0
N160T,160.0,1,0.0
N160W,160.0,1,0.0
N160Y,160.0,1,0.0
N160V,160.0,1,0.0
P161A,161.0,1,0.0
P161R,161.0,1,0.0
P161N,161.0,1,0.0
P161D,161.0,1,0.0
P161C,161.0,1,0.0
P161Q,161.0,1,0.0
P161E,161.0,1,0.0
P161G,161.0,1,0.0
P161H,161.0,1,0.0
P161I,161.0,1,0.0
P161L,161.0,1,0.0
P161K,161.0,1,0.0
P161M,161.0,1,0.0
P161F,161.0,1,0.0
P161P,161.0,0,0.0
P161S,161.0,1,0.0
P161T,161.0,1,0.0
P161W,161.0,1,0.0
P161Y,161.0,1,0.0
P161V,161.0,1,0.0
T162A,162.0,1,0.0
T162R,162.0,1,0.0
T162N,162.0,1,0.0
T162D,162.0,1,0.0
T162C,162.0,1,0.0
T162Q,162.0,1,0.0
T162E,162.0,1,0.0
T162G,162.0,1,0.0
T162H,162.0,1,0.0
T162I,162.0,1,0.0
T162L,162.0,1,0.0
T162K,162.0,1,0.0
T162M,162.0,1,0.0
T162F,162.0,1,0.0
T162P,162.0,1,0.0
T162S,162.0,1,0.0
T162T,162.0,0,0.0
T162W,162.0,1,0.0
T162Y,162.0,1,0.0
T162V,162.0,1,0.0
Y163A,163.0,1,0.0
Y163R,163.0,1,0.0
Y163N,163.0,1,0.0
Y163D,163.0,1,0.0
Y163C,163.0,1,0.0
Y163Q,163.0,1,0.0
Y163E,163.0,1,0.0
Y163G,163.0,1,0.0
Y163H,163.0,1,0.0
Y163I,163.0,1,0.0
Y163L,163.0,1,0.0
Y163K,163.0,1,0.0
Y163M,163.0,1,0.0
Y163F,163.0,1,-0.007763190194964409
Y163P,163.0,1,0.0
Y163S,163.0,1,0.0
Y163T,163.0,1,0.0
Y163W,163.0,1,0.0
Y163Y,163.0,0,0.007763179484754801
Y163V,163.0,1,0.0
N164A,164.0,1,0.0
N164R,164.0,1,0.0
N164N,164.0,0,0.0
N164D,164.0,1,0.0
N164C,164.0,1,0.0
N164Q,164.0,1,0.0
N164E,164.0,1,0.0
N164G,164.0,1,0.0
N164H,164.0,1,0.0
N164I,164.0,1,0.0
N164L,164.0,1,0.0
N164K,164.0,1,0.0
N164M,164.0,1,0.0
N164F,164.0,1,0.0
N164P,164.0,1,0.0
N164S,164.0,1,0.0
N164T,164.0,1,0.0
N164W,164.0,1,0.0
N164Y,164.0,1,0.0
N164V,164.0,1,0.0
E165A,165.0,1,0.0
E165R,165.0,1,0.0
E165N,165.0,1,0.0
E165D,165.0,1,0.0
E165C,165.0,1,0.0
E165Q,165.0,1,0.0
E165E,165.0,0,0.1840106099843979
E165G,165.0,1,0.0
E165H,165.0,1,0.0
E165I,165.0,1,-0.07969363033771515
E165L,165.0,1,-0.10431701689958572
E165K,165.0,1,0.0
E165M,165.0,1,0.0
E165F,165.0,1,0.0
E165P,165.0,1,0.0
E165S,165.0,1,0.0
E165T,165.0,1,0.0
E165W,165.0,1,0.0
E165Y,165.0,1,0.0
E165V,165.0,1,0.0
T166A,166.0,1,0.0
T166R,166.0,1,0.0
T166N,166.0,1,0.0
T166D,166.0,1,0.0
T166C,166.0,1,0.0
T166Q,166.0,1,0.0
T166E,166.0,1,0.0
T166G,166.0,1,0.0
T166H,166.0,1,0.0
T166I,166.0,1,0.0
T166L,166.0,1,0.0
T166K,166.0,1,0.0
T166M,166.0,1,0.0
T166F,166.0,1,0.0
T166P,166.0,1,0.0
T166S,166.0,1,0.0
T166T,166.0,0,0.0
T166W,166.0,1,0.0
T166Y,166.0,1,0.0
T166V,166.0,1,0.0
A167A,167.0,0,0.0
A167R,167.0,1,0.0
A167N,167.0,1,0.0
A167D,167.0,1,0.0
A167C,167.0,1,0.0
A167Q,167.0,1,0.0
A167E,167.0,1,0.0
A167G,167.0,1,0.0
A167H,167.0,1,0.0
A167I,167.0,1,0.0
A167L,167.0,1,0.0
A167K,167.0,1,0.0
A167M,167.0,1,0.0
A167F,167.0,1,0.0
A167P,167.0,1,0.0
A167S,167.0,1,0.0
A167T,167.0,1,0.0
A167W,167.0,1,0.0
A167Y,167.0,1,0.0
A167V,167.0,1,0.0
V168A,168.0,1,0.0
V168R,168.0,1,0.0
V168N,168.0,1,0.0
V168D,168.0,1,0.0
V168C,168.0,1,0.0
V168Q,168.0,1,0.0
V168E,168.0,1,0.0
V168G,168.0,1,0.0
V168H,168.0,1,0.0
V168I,168.0,1,0.0
V168L,168.0,1,0.0
V168K,168.0,1,0.0
V168M,168.0,1,0.0
V168F,168.0,1,0.0
V168P,168.0,1,0.0
V168S,168.0,1,0.0
V168T,168.0,1,0.0
V168W,168.0,1,0.0
V168Y,168.0,1,0.0
V168V,168.0,0,0.0
N169A,169.0,1,-0.016081657260656357
N169R,169.0,1,0.0
N169N,169.0,0,-0.06633207201957703
N169D,169.0,1,0.0
N169C,169.0,1,0.0
N169Q,169.0,1,0.08241366595029831
N169E,169.0,1,0.0
N169G,169.0,1,0.0
N169H,169.0,1,0.0
N169I,169.0,1,0.0
N169L,169.0,1,0.0
N169K,169.0,1,0.0
N169M,169.0,1,0.0
N169F,169.0,1,0.0
N169P,169.0,1,0.0
N169S,169.0,1,0.0
N169T,169.0,1,0.0
N169W,169.0,1,0.0
N169Y,169.0,1,0.0
N169V,169.0,1,0.0
R170A,170.0,1,0.0
R170R,170.0,0,0.0
R170N,170.0,1,0.0
R170D,170.0,1,0.0
R170C,170.0,1,0.0
R170Q,170.0,1,0.0
R170E,170.0,1,0.0
R170G,170.0,1,0.0
R170H,170.0,1,0.0
R170I,170.0,1,0.0
R170L,170.0,1,0.0
R170K,170.0,1,0.0
R170M,170.0,1,0.0
R170F,170.0,1,0.0
R170P,170.0,1,0.0
R170S,170.0,1,0.0
R170T,170.0,1,0.0
R170W,170.0,1,0.0
R170Y,170.0,1,0.0
R170V,170.0,1,0.0
A171A,171.0,0,-0.6712002158164978
A171R,171.0,1,0.0
A171N,171.0,1,0.0
A171D,171.0,1,0.0
A171C,171.0,1,0.0
A171Q,171.0,1,0.0
A171E,171.0,1,0.0
A171G,171.0,1,0.0
A171H,171.0,1,0.0
A171I,171.0,1,0.0
A171L,171.0,1,0.0
A171K,171.0,1,0.0
A171M,171.0,1,0.0
A171F,171.0,1,0.671200156211853
A171P,171.0,1,0.0
A171S,171.0,1,0.0
A171T,171.0,1,0.0
A171W,171.0,1,0.0
A171Y,171.0,1,0.0
A171V,171.0,1,0.0
S172A,172.0,1,0.0
S172R,172.0,1,0.0
S172N,172.0,1,0.0
S172D,172.0,1,0.0
S172C,172.0,1,0.0
S172Q,172.0,1,0.0
S172E,172.0,1,0.0
S172G,172.0,1,0.0
S172H,172.0,1,0.0
S172I,172.0,1,0.0
S172L,172.0,1,0.0
S172K,172.0,1,0.0
S172M,172.0,1,0.0
S172F,172.0,1,0.0
S172P,172.0,1,0.0
S172S,172.0,0,0.0
S172T,172.0,1,0.0
S172W,172.0,1,0.0
S172Y,172.0,1,0.0
S172V,172.0,1,0.0
A173A,173.0,0,0.0
A173R,173.0,1,0.0
A173N,173.0,1,0.0
A173D,173.0,1,0.0
A173C,173.0,1,0.0
A173Q,173.0,1,0.0
A173E,173.0,1,0.0
A173G,173.0,1,0.0
A173H,173.0,1,0.0
A173I,173.0,1,0.0
A173L,173.0,1,0.0
A173K,173.0,1,0.0
A173M,173.0,1,0.0
A173F,173.0,1,0.0
A173P,173.0,1,0.0
A173S,173.0,1,0.0
A173T,173.0,1,0.0
A173W,173.0,1,0.0
A173Y,173.0,1,0.0
A173V,173.0,1,0.0
L174A,174.0,1,-0.13592615723609924
L174R,174.0,1,0.0
L174N,174.0,1,0.0
L174D,174.0,1,-0.045778654515743256
L174C,174.0,1,0.0
L174Q,174.0,1,-0.09771540015935898
L174E,174.0,1,0.0
L174G,174.0,1,-0.20822612941265106
L174H,174.0,1,0.0
L174I,174.0,1,0.13115809857845306
L174L,174.0,0,0.4440437853336334
L174K,174.0,1,-0.0906732901930809
L174M,174.0,1,0.0
L174F,174.0,1,0.12059435248374939
L174P,174.0,1,-0.2415841519832611
L174S,174.0,1,-0.08010988682508469
L174T,174.0,1,0.0
L174W,174.0,1,0.2156650722026825
L174Y,174.0,1,0.0
L174V,174.0,1,-0.011447815224528313
E175A,175.0,1,0.0
E175R,175.0,1,0.0
E175N,175.0,1,0.0
E175D,175.0,1,0.0
E175C,175.0,1,0.0
E175Q,175.0,1,0.0
E175E,175.0,0,0.0
E175G,175.0,1,0.0
E175H,175.0,1,0.0
E175I,175.0,1,0.0
E175L,175.0,1,0.0
E175K,175.0,1,0.0
E175M,175.0,1,0.0
E175F,175.0,1,0.0
E175P,175.0,1,0.0
E175S,175.0,1,0.0
E175T,175.0,1,0.0
E175W,175.0,1,0.0
E175Y,175.0,1,0.0
E175V,175.0,1,0.0
T176A,176.0,1,0.0
T176R,176.0,1,0.0
T176N,176.0,1,0.0
T176D,176.0,1,0.0
T176C,176.0,1,0.0
T176Q,176.0,1,0.0
T176E,176.0,1,0.0
T176G,176.0,1,0.0
T176H,176.0,1,0.0
T176I,176.0,1,0.0
T176L,176.0,1,0.0
T176K,176.0,1,0.0
T176M,176.0,1,0.0
T176F,176.0,1,0.0
T176P,176.0,1,0.0
T176S,176.0,1,0.0
T176T,176.0,0,0.0
T176W,176.0,1,0.0
T176Y,176.0,1,0.0
T176V,176.0,1,0.0
A177A,177.0,0,0.0
A177R,177.0,1,0.0
A177N,177.0,1,0.0
A177D,177.0,1,0.0
A177C,177.0,1,0.0
A177Q,177.0,1,0.0
A177E,177.0,1,0.0
A177G,177.0,1,0.0
A177H,177.0,1,0.0
A177I,177.0,1,0.0
A177L,177.0,1,0.0
A177K,177.0,1,0.0
A177M,177.0,1,0.0
A177F,177.0,1,0.0
A177P,177.0,1,0.0
A177S,177.0,1,0.0
A177T,177.0,1,0.0
A177W,177.0,1,0.0
A177Y,177.0,1,0.0
A177V,177.0,1,0.0
A178A,178.0,0,0.0
A178R,178.0,1,0.0
A178N,178.0,1,0.0
A178D,178.0,1,0.0
A178C,178.0,1,0.0
A178Q,178.0,1,0.0
A178E,178.0,1,0.0
A178G,178.0,1,0.0
A178H,178.0,1,0.0
A178I,178.0,1,0.0
A178L,178.0,1,0.0
A178K,178.0,1,0.0
A178M,178.0,1,0.0
A178F,178.0,1,0.0
A178P,178.0,1,0.0
A178S,178.0,1,0.0
A178T,178.0,1,0.0
A178W,178.0,1,0.0
A178Y,178.0,1,0.0
A178V,178.0,1,0.0
Y179A,179.0,1,0.0
Y179R,179.0,1,0.0
Y179N,179.0,1,0.0
Y179D,179.0,1,0.0
Y179C,179.0,1,0.0
Y179Q,179.0,1,0.0
Y179E,179.0,1,0.0
Y179G,179.0,1,0.0
Y179H,179.0,1,0.0
Y179I,179.0,1,0.0
Y179L,179.0,1,0.0
Y179K,179.0,1,0.0
Y179M,179.0,1,0.0
Y179F,179.0,1,0.0
Y179P,179.0,1,0.0
Y179S,179.0,1,0.0
Y179T,179.0,1,0.0
Y179W,179.0,1,0.0
Y179Y,179.0,0,0.0
Y179V,179.0,1,0.0
I180A,180.0,1,0.0
I180R,180.0,1,0.0
I180N,180.0,1,0.0
I180D,180.0,1,0.0
I180C,180.0,1,0.0
I180Q,180.0,1,0.0
I180E,180.0,1,0.0
I180G,180.0,1,0.0
I180H,180.0,1,0.0
I180I,180.0,0,0.0
I180L,180.0,1,0.0
I180K,180.0,1,0.0
I180M,180.0,1,0.0
I180F,180.0,1,0.0
I180P,180.0,1,0.0
I180S,180.0,1,0.0
I180T,180.0,1,0.0
I180W,180.0,1,0.0
I180Y,180.0,1,0.0
I180V,180.0,1,0.0
L181A,181.0,1,0.0
L181R,181.0,1,0.0
L181N,181.0,1,0.0
L181D,181.0,1,0.0
L181C,181.0,1,0.0
L181Q,181.0,1,0.0
L181E,181.0,1,0.0
L181G,181.0,1,0.0
L181H,181.0,1,0.0
L181I,181.0,1,0.0
L181L,181.0,0,0.0
L181K,181.0,1,0.0
L181M,181.0,1,0.0
L181F,181.0,1,0.0
L181P,181.0,1,0.0
L181S,181.0,1,0.0
L181T,181.0,1,0.0
L181W,181.0,1,0.0
L181Y,181.0,1,0.0
L181V,181.0,1,0.0
S182A,182.0,1,0.25115224719047546
S182R,182.0,1,-0.3717372715473175
S182N,182.0,1,0.0
S182D,182.0,1,0.0
S182C,182.0,1,0.30800506472587585
S182Q,182.0,1,0.0
S182E,182.0,1,-0.3822759985923767
S182G,182.0,1,0.0
S182H,182.0,1,0.0
S182I,182.0,1,-0.2698619067668915
S182L,182.0,1,0.4233446717262268
S182K,182.0,1,0.0
S182M,182.0,1,0.6294349431991577
S182F,182.0,1,0.0
S182P,182.0,1,0.0
S182S,182.0,0,0.07327241450548172
S182T,182.0,1,0.0
S182W,182.0,1,-0.30499210953712463
S182Y,182.0,1,-0.3963271975517273
S182V,182.0,1,0.039986561983823776
F183A,183.0,1,0.0
F183R,183.0,1,0.0
F183N,183.0,1,0.0
F183D,183.0,1,0.0
F183C,183.0,1,0.0
F183Q,183.0,1,0.0
F183E,183.0,1,0.0
F183G,183.0,1,0.0
F183H,183.0,1,0.0
F183I,183.0,1,0.0
F183L,183.0,1,0.0
F183K,183.0,1,0.0
F183M,183.0,1,0.0
F183F,183.0,0,0.0
F183P,183.0,1,0.0
F183S,183.0,1,0.0
F183T,183.0,1,0.0
F183W,183.0,1,0.0
F183Y,183.0,1,0.0
F183V,183.0,1,0.0
G184A,184.0,1,0.0
G184R,184.0,1,0.0
G184N,184.0,1,0.0
G184D,184.0,1,0.0
G184C,184.0,1,0.0
G184Q,184.0,1,0.0
G184E,184.0,1,0.0
G184G,184.0,0,0.0
G184H,184.0,1,0.0
G184I,184.0,1,0.0
G184L,184.0,1,0.0
G184K,184.0,1,0.0
G184M,184.0,1,0.0
G184F,184.0,1,0.0
G184P,184.0,1,0.0
G184S,184.0,1,0.0
G184T,184.0,1,0.0
G184W,184.0,1,0.0
G184Y,184.0,1,0.0
G184V,184.0,1,0.0
D185A,185.0,1,0.0
D185R,185.0,1,0.0
D185N,185.0,1,0.0
D185D,185.0,0,0.0
D185C,185.0,1,0.0
D185Q,185.0,1,0.0
D185E,185.0,1,0.0
D185G,185.0,1,0.0
D185H,185.0,1,0.0
D185I,185.0,1,0.0
D185L,185.0,1,0.0
D185K,185.0,1,0.0
D185M,185.0,1,0.0
D185F,185.0,1,0.0
D185P,185.0,1,0.0
D185S,185.0,1,0.0
D185T,185.0,1,0.0
D185W,185.0,1,0.0
D185Y,185.0,1,0.0
D185V,185.0,1,0.0
K186A,186.0,1,0.0
K186R,186.0,1,0.0
K186N,186.0,1,0.0
K186D,186.0,1,0.0
K186C,186.0,1,0.0
K186Q,186.0,1,0.0
K186E,186.0,1,0.0
K186G,186.0,1,0.0
K186H,186.0,1,0.0
K186I,186.0,1,0.0
K186L,186.0,1,0.0
K186K,186.0,0,0.0
K186M,186.0,1,0.0
K186F,186.0,1,0.0
K186P,186.0,1,0.0
K186S,186.0,1,0.0
K186T,186.0,1,0.0
K186W,186.0,1,0.0
K186Y,186.0,1,0.0
K186V,186.0,1,0.0
V187A,187.0,1,0.0
V187R,187.0,1,0.0
V187N,187.0,1,0.0
V187D,187.0,1,0.0
V187C,187.0,1,0.0
V187Q,187.0,1,0.0
V187E,187.0,1,0.0
V187G,187.0,1,0.0
V187H,187.0,1,0.0
V187I,187.0,1,0.0
V187L,187.0,1,0.0
V187K,187.0,1,0.0
V187M,187.0,1,0.0
V187F,187.0,1,0.0
V187P,187.0,1,0.0
V187S,187.0,1,0.0
V187T,187.0,1,0.0
V187W,187.0,1,0.0
V187Y,187.0,1,0.0
V187V,187.0,0,0.0
T188A,188.0,1,0.0
T188R,188.0,1,0.0
T188N,188.0,1,0.0
T188D,188.0,1,0.0
T188C,188.0,1,0.0
T188Q,188.0,1,0.0
T188E,188.0,1,0.0
T188G,188.0,1,0.0
T188H,188.0,1,0.0
T188I,188.0,1,0.0
T188L,188.0,1,0.0
T188K,188.0,1,0.0
T188M,188.0,1,0.0
T188F,188.0,1,0.0
T188P,188.0,1,0.0
T188S,188.0,1,0.0
T188T,188.0,0,0.0
T188W,188.0,1,0.0
T188Y,188.0,1,0.0
T188V,188.0,1,0.0
G189A,189.0,1,0.0
G189R,189.0,1,0.0
G189N,189.0,1,0.0
G189D,189.0,1,0.0
G189C,189.0,1,0.0
G189Q,189.0,1,0.0
G189E,189.0,1,0.0
G189G,189.0,0,0.0
G189H,189.0,1,0.0
G189I,189.0,1,0.0
G189L,189.0,1,0.0
G189K,189.0,1,0.0
G189M,189.0,1,0.0
G189F,189.0,1,0.0
G189P,189.0,1,0.0
G189S,189.0,1,0.0
G189T,189.0,1,0.0
G189W,189.0,1,0.0
G189Y,189.0,1,0.0
G189V,189.0,1,0.0
S190A,190.0,1,0.0
S190R,190.0,1,0.0
S190N,190.0,1,0.0
S190D,190.0,1,0.0
S190C,190.0,1,0.0
S190Q,190.0,1,0.0
S190E,190.0,1,0.0
S190G,190.0,1,0.0
S190H,190.0,1,0.0
S190I,190.0,1,0.0
S190L,190.0,1,0.0
S190K,190.0,1,0.0
S190M,190.0,1,0.0
S190F,190.0,1,0.0
S190P,190.0,1,0.0
S190S,190.0,0,-0.07705284655094147
S190T,190.0,1,0.07705284655094147
S190W,190.0,1,0.0
S190Y,190.0,1,0.0
S190V,190.0,1,0.0
V191A,191.0,1,0.0
V191R,191.0,1,0.0
V191N,191.0,1,0.0
V191D,191.0,1,0.0
V191C,191.0,1,0.0
V191Q,191.0,1,0.0
V191E,191.0,1,0.0
V191G,191.0,1,0.0
V191H,191.0,1,0.0
V191I,191.0,1,0.0
V191L,191.0,1,0.0
V191K,191.0,1,0.0
V191M,191.0,1,0.0
V191F,191.0,1,0.0
V191P,191.0,1,0.0
V191S,191.0,1,0.0
V191T,191.0,1,0.0
V191W,191.0,1,0.0
V191Y,191.0,1,0.0
V191V,191.0,0,0.0
P192A,192.0,1,0.0
P192R,192.0,1,0.0
P192N,192.0,1,0.0
P192D,192.0,1,0.0
P192C,192.0,1,0.0
P192Q,192.0,1,0.0
P192E,192.0,1,0.0
P192G,192.0,1,0.0
P192H,192.0,1,0.0
P192I,192.0,1,0.0
P192L,192.0,1,0.0
P192K,192.0,1,0.0
P192M,192.0,1,0.0
P192F,192.0,1,0.0
P192P,192.0,0,0.0
P192S,192.0,1,0.0
P192T,192.0,1,0.0
P192W,192.0,1,0.0
P192Y,192.0,1,0.0
P192V,192.0,1,0.0
K193A,193.0,1,0.0
K193R,193.0,1,0.0
K193N,193.0,1,0.0
K193D,193.0,1,0.0
K193C,193.0,1,0.0
K193Q,193.0,1,0.0
K193E,193.0,1,0.0
K193G,193.0,1,0.0
K193H,193.0,1,0.0
K193I,193.0,1,0.0
K193L,193.0,1,0.0
K193K,193.0,0,0.0
K193M,193.0,1,0.0
K193F,193.0,1,0.0
K193P,193.0,1,0.0
K193S,193.0,1,0.0
K193T,193.0,1,0.0
K193W,193.0,1,0.0
K193Y,193.0,1,0.0
K193V,193.0,1,0.0
A194A,194.0,0,0.0
A194R,194.0,1,0.0
A194N,194.0,1,0.0
A194D,194.0,1,0.0
A194C,194.0,1,0.0
A194Q,194.0,1,0.0
A194E,194.0,1,0.0
A194G,194.0,1,0.0
A194H,194.0,1,0.0
A194I,194.0,1,0.0
A194L,194.0,1,0.0
A194K,194.0,1,0.0
A194M,194.0,1,0.0
A194F,194.0,1,0.0
A194P,194.0,1,0.0
A194S,194.0,1,0.0
A194T,194.0,1,0.0
A194W,194.0,1,0.0
A194Y,194.0,1,0.0
A194V,194.0,1,0.0
F195A,195.0,1,0.0
F195R,195.0,1,0.0
F195N,195.0,1,0.0
F195D,195.0,1,0.0
F195C,195.0,1,0.0
F195Q,195.0,1,0.0
F195E,195.0,1,0.0
F195G,195.0,1,0.0
F195H,195.0,1,0.0
F195I,195.0,1,0.0
F195L,195.0,1,0.0
F195K,195.0,1,0.0
F195M,195.0,1,0.0
F195F,195.0,0,0.05016995221376419
F195P,195.0,1,0.0
F195S,195.0,1,0.0
F195T,195.0,1,0.0
F195W,195.0,1,-0.05016994848847389
F195Y,195.0,1,0.0
F195V,195.0,1,0.0
V196A,196.0,1,0.0
V196R,196.0,1,0.0
V196N,196.0,1,0.0
V196D,196.0,1,0.0
V196C,196.0,1,0.0
V196Q,196.0,1,0.0
V196E,196.0,1,0.0
V196G,196.0,1,0.0
V196H,196.0,1,0.0
V196I,196.0,1,0.0
V196L,196.0,1,0.0
V196K,196.0,1,0.0
V196M,196.0,1,0.0
V196F,196.0,1,0.0
V196P,196.0,1,0.0
V196S,196.0,1,0.0
V196T,196.0,1,0.0
V196W,196.0,1,0.0
V196Y,196.0,1,0.0
V196V,196.0,0,0.0
E197A,197.0,1,0.0
E197R,197.0,1,0.0
E197N,197.0,1,0.0
E197D,197.0,1,0.0
E197C,197.0,1,0.0
E197Q,197.0,1,0.0
E197E,197.0,0,0.0
E197G,197.0,1,0.0
E197H,197.0,1,0.0
E197I,197.0,1,0.0
E197L,197.0,1,0.0
E197K,197.0,1,0.0
E197M,197.0,1,0.0
E197F,197.0,1,0.0
E197P,197.0,1,0.0
E197S,197.0,1,0.0
E197T,197.0,1,0.0
E197W,197.0,1,0.0
E197Y,197.0,1,0.0
E197V,197.0,1,0.0
Y198A,198.0,1,0.0
Y198R,198.0,1,0.0
Y198N,198.0,1,0.0
Y198D,198.0,1,0.0
Y198C,198.0,1,0.0
Y198Q,198.0,1,0.0
Y198E,198.0,1,0.0
Y198G,198.0,1,0.0
Y198H,198.0,1,0.0
Y198I,198.0,1,0.0
Y198L,198.0,1,0.0
Y198K,198.0,1,0.0
Y198M,198.0,1,0.0
Y198F,198.0,1,0.0
Y198P,198.0,1,0.0
Y198S,198.0,1,0.0
Y198T,198.0,1,0.0
Y198W,198.0,1,0.0
Y198Y,198.0,0,0.0
Y198V,198.0,1,0.0
F199A,199.0,1,0.0
F199R,199.0,1,0.0
F199N,199.0,1,0.0
F199D,199.0,1,0.0
F199C,199.0,1,0.0
F199Q,199.0,1,0.0
F199E,199.0,1,0.0
F199G,199.0,1,0.0
F199H,199.0,1,0.0
F199I,199.0,1,0.0
F199L,199.0,1,0.0
F199K,199.0,1,0.0
F199M,199.0,1,0.0
F199F,199.0,0,0.0
F199P,199.0,1,0.0
F199S,199.0,1,0.0
F199T,199.0,1,0.0
F199W,199.0,1,0.0
F199Y,199.0,1,0.0
F199V,199.0,1,0.0
F200A,200.0,1,0.0
F200R,200.0,1,0.0
F200N,200.0,1,0.0
F200D,200.0,1,0.0
F200C,200.0,1,0.0
F200Q,200.0,1,0.0
F200E,200.0,1,0.0
F200G,200.0,1,0.0
F200H,200.0,1,0.0
F200I,200.0,1,0.0
F200L,200.0,1,-0.21767069399356842
F200K,200.0,1,0.0
F200M,200.0,1,0.0
F200F,200.0,0,0.21767063438892365
F200P,200.0,1,0.0
F200S,200.0,1,0.0
F200T,200.0,1,0.0
F200W,200.0,1,0.0
F200Y,200.0,1,0.0
F200V,200.0,1,0.0
E201A,201.0,1,0.0
E201R,201.0,1,0.0
E201N,201.0,1,0.0
E201D,201.0,1,0.0
E201C,201.0,1,0.0
E201Q,201.0,1,0.0
E201E,201.0,0,0.0
E201G,201.0,1,0.0
E201H,201.0,1,0.0
E201I,201.0,1,0.0
E201L,201.0,1,0.0
E201K,201.0,1,0.0
E201M,201.0,1,0.0
E201F,201.0,1,0.0
E201P,201.0,1,0.0
E201S,201.0,1,0.0
E201T,201.0,1,0.0
E201W,201.0,1,0.0
E201Y,201.0,1,0.0
E201V,201.0,1,0.0
N202A,202.0,1,0.0
N202R,202.0,1,0.0
N202N,202.0,0,0.0
N202D,202.0,1,0.0
N202C,202.0,1,0.0
N202Q,202.0,1,0.0
N202E,202.0,1,0.0
N202G,202.0,1,0.0
N202H,202.0,1,0.0
N202I,202.0,1,0.0
N202L,202.0,1,0.0
N202K,202.0,1,0.0
N202M,202.0,1,0.0
N202F,202.0,1,0.0
N202P,202.0,1,0.0
N202S,202.0,1,0.0
N202T,202.0,1,0.0
N202W,202.0,1,0.0
N202Y,202.0,1,0.0
N202V,202.0,1,0.0
E203A,203.0,1,0.0
E203R,203.0,1,0.0
E203N,203.0,1,0.0
E203D,203.0,1,0.0
E203C,203.0,1,0.0
E203Q,203.0,1,0.0
E203E,203.0,0,0.0
E203G,203.0,1,0.0
E203H,203.0,1,0.0
E203I,203.0,1,0.0
E203L,203.0,1,0.0
E203K,203.0,1,0.0
E203M,203.0,1,0.0
E203F,203.0,1,0.0
E203P,203.0,1,0.0
E203S,203.0,1,0.0
E203T,203.0,1,0.0
E203W,203.0,1,0.0
E203Y,203.0,1,0.0
E203V,203.0,1,0.0
R204A,204.0,1,0.0
R204R,204.0,0,0.0
R204N,204.0,1,0.0
R204D,204.0,1,0.0
R204C,204.0,1,0.0
R204Q,204.0,1,0.0
R204E,204.0,1,0.0
R204G,204.0,1,0.0
R204H,204.0,1,0.0
R204I,204.0,1,0.0
R204L,204.0,1,0.0
R204K,204.0,1,0.0
R204M,204.0,1,0.0
R204F,204.0,1,0.0
R204P,204.0,1,0.0
R204S,204.0,1,0.0
R204T,204.0,1,0.0
R204W,204.0,1,0.0
R204Y,204.0,1,0.0
R204V,204.0,1,0.0
L205A,205.0,1,0.0
L205R,205.0,1,0.0
L205N,205.0,1,0.0
L205D,205.0,1,0.0
L205C,205.0,1,0.0
L205Q,205.0,1,0.0
L205E,205.0,1,0.0
L205G,205.0,1,0.0
L205H,205.0,1,0.0
L205I,205.0,1,0.0
L205L,205.0,0,0.0
L205K,205.0,1,0.0
L205M,205.0,1,0.0
L205F,205.0,1,0.0
L205P,205.0,1,0.0
L205S,205.0,1,0.0
L205T,205.0,1,0.0
L205W,205.0,1,0.0
L205Y,205.0,1,0.0
L205V,205.0,1,0.0
P206A,206.0,1,0.0
P206R,206.0,1,0.0
P206N,206.0,1,0.0
P206D,206.0,1,0.0
P206C,206.0,1,0.0
P206Q,206.0,1,0.0
P206E,206.0,1,0.0
P206G,206.0,1,0.0
P206H,206.0,1,0.0
P206I,206.0,1,0.0
P206L,206.0,1,0.0
P206K,206.0,1,0.0
P206M,206.0,1,0.0
P206F,206.0,1,0.0
P206P,206.0,0,0.0
P206S,206.0,1,0.0
P206T,206.0,1,0.0
P206W,206.0,1,0.0
P206Y,206.0,1,0.0
P206V,206.0,1,0.0
F207A,207.0,1,0.0
F207R,207.0,1,0.0
F207N,207.0,1,0.0
F207D,207.0,1,0.0
F207C,207.0,1,0.0
F207Q,207.0,1,0.0
F207E,207.0,1,0.0
F207G,207.0,1,0.0
F207H,207.0,1,0.0
F207I,207.0,1,0.0
F207L,207.0,1,0.0
F207K,207.0,1,0.0
F207M,207.0,1,0.0
F207F,207.0,0,-0.08799653500318527
F207P,207.0,1,0.0
F207S,207.0,1,0.0
F207T,207.0,1,0.0
F207W,207.0,1,0.0
F207Y,207.0,1,0.08799652010202408
F207V,207.0,1,0.0
H208A,208.0,1,0.0
H208R,208.0,1,0.0
H208N,208.0,1,0.0
H208D,208.0,1,0.3287631571292877
H208C,208.0,1,0.0
H208Q,208.0,1,0.0
H208E,208.0,1,0.0
H208G,208.0,1,0.0
H208H,208.0,0,-0.32876288890838623
H208I,208.0,1,0.0
H208L,208.0,1,0.0
H208K,208.0,1,0.0
H208M,208.0,1,0.0
H208F,208.0,1,0.0
H208P,208.0,1,0.0
H208S,208.0,1,0.0
H208T,208.0,1,0.0
H208W,208.0,1,0.0
H208Y,208.0,1,0.0
H208V,208.0,1,0.0
L209A,209.0,1,0.0
L209R,209.0,1,0.0
L209N,209.0,1,0.0
L209D,209.0,1,0.0
L209C,209.0,1,0.0
L209Q,209.0,1,0.0
L209E,209.0,1,0.0
L209G,209.0,1,0.0
L209H,209.0,1,0.0
L209I,209.0,1,0.0
L209L,209.0,0,0.0
L209K,209.0,1,0.0
L209M,209.0,1,0.0
L209F,209.0,1,0.0
L209P,209.0,1,0.0
L209S,209.0,1,0.0
L209T,209.0,1,0.0
L209W,209.0,1,0.0
L209Y,209.0,1,0.0
L209V,209.0,1,0.0
G210A,210.0,1,0.0
G210R,210.0,1,0.0
G210N,210.0,1,0.0
G210D,210.0,1,0.0
G210C,210.0,1,0.0
G210Q,210.0,1,0.0
G210E,210.0,1,0.0
G210G,210.0,0,0.0
G210H,210.0,1,0.0
G210I,210.0,1,0.0
G210L,210.0,1,0.0
G210K,210.0,1,0.0
G210M,210.0,1,0.0
G210F,210.0,1,0.0
G210P,210.0,1,0.0
G210S,210.0,1,0.0
G210T,210.0,1,0.0
G210W,210.0,1,0.0
G210Y,210.0,1,0.0
G210V,210.0,1,0.0
W211A,211.0,1,0.0
W211R,211.0,1,0.0
W211N,211.0,1,0.0
W211D,211.0,1,0.0
W211C,211.0,1,0.0
W211Q,211.0,1,0.0
W211E,211.0,1,0.0
W211G,211.0,1,0.0
W211H,211.0,1,0.0
W211I,211.0,1,0.0
W211L,211.0,1,0.0
W211K,211.0,1,0.0
W211M,211.0,1,0.0
W211F,211.0,1,0.0
W211P,211.0,1,0.0
W211S,211.0,1,0.0
W211T,211.0,1,0.0
W211W,211.0,0,0.0
W211Y,211.0,1,0.0
W211V,211.0,1,0.0
Y212A,212.0,1,0.0
Y212R,212.0,1,0.0
Y212N,212.0,1,0.0
Y212D,212.0,1,0.0
Y212C,212.0,1,0.0
Y212Q,212.0,1,0.0
Y212E,212.0,1,0.0
Y212G,212.0,1,0.0
Y212H,212.0,1,0.0
Y212I,212.0,1,0.0
Y212L,212.0,1,0.0
Y212K,212.0,1,0.3692127466201782
Y212M,212.0,1,0.0
Y212F,212.0,1,0.0
Y212P,212.0,1,0.0
Y212S,212.0,1,0.0
Y212T,212.0,1,0.0716293603181839
Y212W,212.0,1,0.0
Y212Y,212.0,0,-0.44084182381629944
Y212V,212.0,1,0.0
K213A,213.0,1,0.0
K213R,213.0,1,0.0
K213N,213.0,1,0.0
K213D,213.0,1,0.0
K213C,213.0,1,0.0
K213Q,213.0,1,0.0
K213E,213.0,1,0.0
K213G,213.0,1,0.0
K213H,213.0,1,0.0
K213I,213.0,1,0.0
K213L,213.0,1,0.0
K213K,213.0,0,0.0
K213M,213.0,1,0.0
K213F,213.0,1,0.0
K213P,213.0,1,0.0
K213S,213.0,1,0.0
K213T,213.0,1,0.0
K213W,213.0,1,0.0
K213Y,213.0,1,0.0
K213V,213.0,1,0.0
S214A,214.0,1,0.0
S214R,214.0,1,-0.2820717990398407
S214N,214.0,1,0.0
S214D,214.0,1,0.0
S214C,214.0,1,0.0
S214Q,214.0,1,0.0
S214E,214.0,1,0.0
S214G,214.0,1,0.0
S214H,214.0,1,0.0
S214I,214.0,1,0.0
S214L,214.0,1,0.0
S214K,214.0,1,0.0
S214M,214.0,1,0.0
S214F,214.0,1,0.0
S214P,214.0,1,0.2319606989622116
S214S,214.0,0,0.05011105164885521
S214T,214.0,1,0.0
S214W,214.0,1,0.0
S214Y,214.0,1,0.0
S214V,214.0,1,0.0
A215A,215.0,0,0.0
A215R,215.0,1,0.0
A215N,215.0,1,0.0
A215D,215.0,1,0.0
A215C,215.0,1,0.0
A215Q,215.0,1,0.0
A215E,215.0,1,0.0
A215G,215.0,1,0.0
A215H,215.0,1,0.0
A215I,215.0,1,0.0
A215L,215.0,1,0.0
A215K,215.0,1,0.0
A215M,215.0,1,0.0
A215F,215.0,1,0.0
A215P,215.0,1,0.0
A215S,215.0,1,0.0
A215T,215.0,1,0.0
A215W,215.0,1,0.0
A215Y,215.0,1,0.0
A215V,215.0,1,0.0
E216A,216.0,1,0.0
E216R,216.0,1,0.0
E216N,216.0,1,0.0
E216D,216.0,1,0.0
E216C,216.0,1,0.0
E216Q,216.0,1,0.0
E216E,216.0,0,0.0
E216G,216.0,1,0.0
E216H,216.0,1,0.0
E216I,216.0,1,0.0
E216L,216.0,1,0.0
E216K,216.0,1,0.0
E216M,216.0,1,0.0
E216F,216.0,1,0.0
E216P,216.0,1,0.0
E216S,216.0,1,0.0
E216T,216.0,1,0.0
E216W,216.0,1,0.0
E216Y,216.0,1,0.0
E216V,216.0,1,0.0
S217A,217.0,1,0.0
S217R,217.0,1,0.0
S217N,217.0,1,0.0
S217D,217.0,1,0.0
S217C,217.0,1,0.0
S217Q,217.0,1,0.0
S217E,217.0,1,0.0
S217G,217.0,1,0.0
S217H,217.0,1,0.0
S217I,217.0,1,0.0
S217L,217.0,1,0.0
S217K,217.0,1,0.0
S217M,217.0,1,0.0
S217F,217.0,1,0.0
S217P,217.0,1,0.09220635890960693
S217S,217.0,0,-0.09220635890960693
S217T,217.0,1,0.0
S217W,217.0,1,0.0
S217Y,217.0,1,0.0
S217V,217.0,1,0.0
I218A,218.0,1,0.0
I218R,218.0,1,0.0
I218N,218.0,1,0.0
I218D,218.0,1,0.0
I218C,218.0,1,0.0
I218Q,218.0,1,0.0
I218E,218.0,1,0.0
I218G,218.0,1,0.0
I218H,218.0,1,0.0
I218I,218.0,0,0.0
I218L,218.0,1,0.0
I218K,218.0,1,0.0
I218M,218.0,1,0.0
I218F,218.0,1,0.0
I218P,218.0,1,0.0
I218S,218.0,1,0.0
I218T,218.0,1,0.0
I218W,218.0,1,0.0
I218Y,218.0,1,0.0
I218V,218.0,1,0.0
S219A,219.0,1,0.0
S219R,219.0,1,0.0
S219N,219.0,1,0.0
S219D,219.0,1,0.0
S219C,219.0,1,0.0
S219Q,219.0,1,0.0
S219E,219.0,1,0.0
S219G,219.0,1,0.0
S219H,219.0,1,0.0
S219I,219.0,1,0.0
S219L,219.0,1,0.0
S219K,219.0,1,0.0
S219M,219.0,1,0.0
S219F,219.0,1,0.0
S219P,219.0,1,0.0
S219S,219.0,0,0.0
S219T,219.0,1,0.0
S219W,219.0,1,0.0
S219Y,219.0,1,0.0
S219V,219.0,1,0.0
F220A,220.0,1,-0.028675250709056854
F220R,220.0,1,-0.16749240458011627
F220N,220.0,1,0.0
F220D,220.0,1,0.0
F220C,220.0,1,0.0
F220Q,220.0,1,0.0
F220E,220.0,1,-0.09808367490768433
F220G,220.0,1,0.0
F220H,220.0,1,0.0
F220I,220.0,1,0.0
F220L,220.0,1,0.22185197472572327
F220K,220.0,1,0.0
F220M,220.0,1,0.0
F220F,220.0,0,0.4493085443973541
F220P,220.0,1,-0.15978029370307922
F220S,220.0,1,-0.21376466751098633
F220T,220.0,1,0.0
F220W,220.0,1,0.13327908515930176
F220Y,220.0,1,0.0
F220V,220.0,1,-0.13664399087429047
A221A,221.0,0,0.0
A221R,221.0,1,0.0
A221N,221.0,1,0.0
A221D,221.0,1,0.0
A221C,221.0,1,0.0
A221Q,221.0,1,0.0
A221E,221.0,1,0.0
A221G,221.0,1,0.0
A221H,221.0,1,0.0
A221I,221.0,1,0.0
A221L,221.0,1,0.0
A221K,221.0,1,0.0
A221M,221.0,1,0.0
A221F,221.0,1,0.0
A221P,221.0,1,0.0
A221S,221.0,1,0.0
A221T,221.0,1,0.0
A221W,221.0,1,0.0
A221Y,221.0,1,0.0
A221V,221.0,1,0.0
D222A,222.0,1,0.0
D222R,222.0,1,0.0
D222N,222.0,1,0.0
D222D,222.0,0,0.1770533323287964
D222C,222.0,1,0.0
D222Q,222.0,1,0.0
D222E,222.0,1,0.0
D222G,222.0,1,0.0
D222H,222.0,1,-0.17705339193344116
D222I,222.0,1,0.0
D222L,222.0,1,0.0
D222K,222.0,1,0.0
D222M,222.0,1,0.0
D222F,222.0,1,0.0
D222P,222.0,1,0.0
D222S,222.0,1,0.0
D222T,222.0,1,0.0
D222W,222.0,1,0.0
D222Y,222.0,1,0.0
D222V,222.0,1,0.0
F223A,223.0,1,0.0
F223R,223.0,1,0.0
F223N,223.0,1,0.0
F223D,223.0,1,0.0
F223C,223.0,1,-0.20148077607154846
F223Q,223.0,1,0.0
F223E,223.0,1,0.0
F223G,223.0,1,0.0
F223H,223.0,1,0.0
F223I,223.0,1,-0.029710952192544937
F223L,223.0,1,0.24450279772281647
F223K,223.0,1,0.0
F223M,223.0,1,0.0
F223F,223.0,0,-0.019718743860721588
F223P,223.0,1,0.0
F223S,223.0,1,0.0
F223T,223.0,1,0.0
F223W,223.0,1,0.0
F223Y,223.0,1,0.0
F223V,223.0,1,0.006407928187400103
Q224A,224.0,1,0.0
Q224R,224.0,1,0.0
Q224N,224.0,1,0.0
Q224D,224.0,1,0.0
Q224C,224.0,1,0.0
Q224Q,224.0,0,0.0
Q224E,224.0,1,0.0
Q224G,224.0,1,0.0
Q224H,224.0,1,0.0
Q224I,224.0,1,0.0
Q224L,224.0,1,0.0
Q224K,224.0,1,0.0
Q224M,224.0,1,0.0
Q224F,224.0,1,0.0
Q224P,224.0,1,0.0
Q224S,224.0,1,0.0
Q224T,224.0,1,0.0
Q224W,224.0,1,0.0
Q224Y,224.0,1,0.0
Q224V,224.0,1,0.0
N225A,225.0,1,0.0
N225R,225.0,1,0.0
N225N,225.0,0,0.0
N225D,225.0,1,0.0
N225C,225.0,1,0.0
N225Q,225.0,1,0.0
N225E,225.0,1,0.0
N225G,225.0,1,0.0
N225H,225.0,1,0.0
N225I,225.0,1,0.0
N225L,225.0,1,0.0
N225K,225.0,1,0.0
N225M,225.0,1,0.0
N225F,225.0,1,0.0
N225P,225.0,1,0.0
N225S,225.0,1,0.0
N225T,225.0,1,0.0
N225W,225.0,1,0.0
N225Y,225.0,1,0.0
N225V,225.0,1,0.0
M226A,226.0,1,0.0
M226R,226.0,1,0.0
M226N,226.0,1,0.0
M226D,226.0,1,0.0
M226C,226.0,1,0.0
M226Q,226.0,1,0.0
M226E,226.0,1,0.0
M226G,226.0,1,0.0
M226H,226.0,1,0.0
M226I,226.0,1,0.0
M226L,226.0,1,0.0
M226K,226.0,1,0.0
M226M,226.0,0,0.0
M226F,226.0,1,0.0
M226P,226.0,1,0.0
M226S,226.0,1,0.0
M226T,226.0,1,0.0
M226W,226.0,1,0.0
M226Y,226.0,1,0.0
M226V,226.0,1,0.0
S227A,227.0,1,0.0
S227R,227.0,1,0.0
S227N,227.0,1,0.0
S227D,227.0,1,0.0
S227C,227.0,1,0.0
S227Q,227.0,1,0.0
S227E,227.0,1,0.0
S227G,227.0,1,0.0
S227H,227.0,1,0.0
S227I,227.0,1,0.0
S227L,227.0,1,0.0
S227K,227.0,1,0.0
S227M,227.0,1,0.0
S227F,227.0,1,0.0
S227P,227.0,1,0.0
S227S,227.0,0,0.0
S227T,227.0,1,0.0
S227W,227.0,1,0.0
S227Y,227.0,1,0.0
S227V,227.0,1,0.0
T228A,228.0,1,0.0
T228R,228.0,1,0.0
T228N,228.0,1,0.0
T228D,228.0,1,0.0
T228C,228.0,1,0.0
T228Q,228.0,1,0.0
T228E,228.0,1,0.0
T228G,228.0,1,0.0
T228H,228.0,1,0.0
T228I,228.0,1,0.0
T228L,228.0,1,0.0
T228K,228.0,1,0.0
T228M,228.0,1,0.0
T228F,228.0,1,0.0
T228P,228.0,1,0.0
T228S,228.0,1,0.0
T228T,228.0,0,0.0
T228W,228.0,1,0.0
T228Y,228.0,1,0.0
T228V,228.0,1,0.0
R229A,229.0,1,0.0
R229R,229.0,0,0.0
R229N,229.0,1,0.0
R229D,229.0,1,0.0
R229C,229.0,1,0.0
R229Q,229.0,1,0.0
R229E,229.0,1,0.0
R229G,229.0,1,0.0
R229H,229.0,1,0.0
R229I,229.0,1,0.0
R229L,229.0,1,0.0
R229K,229.0,1,0.0
R229M,229.0,1,0.0
R229F,229.0,1,0.0
R229P,229.0,1,0.0
R229S,229.0,1,0.0
R229T,229.0,1,0.0
R229W,229.0,1,0.0
R229Y,229.0,1,0.0
R229V,229.0,1,0.0
V230A,230.0,1,0.0
V230R,230.0,1,0.0
V230N,230.0,1,0.0
V230D,230.0,1,0.0
V230C,230.0,1,0.0
V230Q,230.0,1,0.0
V230E,230.0,1,0.0
V230G,230.0,1,0.0
V230H,230.0,1,0.0
V230I,230.0,1,-0.0773855522274971
V230L,230.0,1,0.0
V230K,230.0,1,0.0
V230M,230.0,1,0.0
V230F,230.0,1,0.0
V230P,230.0,1,0.0
V230S,230.0,1,0.0
V230T,230.0,1,0.0
V230W,230.0,1,0.0
V230Y,230.0,1,0.0
V230V,230.0,0,0.0773855522274971
S231A,231.0,1,0.0
S231R,231.0,1,0.0
S231N,231.0,1,0.0
S231D,231.0,1,0.0
S231C,231.0,1,0.0
S231Q,231.0,1,0.0
S231E,231.0,1,0.0
S231G,231.0,1,0.0
S231H,231.0,1,0.0
S231I,231.0,1,0.0
S231L,231.0,1,0.0
S231K,231.0,1,0.0
S231M,231.0,1,0.0
S231F,231.0,1,0.0
S231P,231.0,1,0.0
S231S,231.0,0,0.0
S231T,231.0,1,0.0
S231W,231.0,1,0.0
S231Y,231.0,1,0.0
S231V,231.0,1,0.0
Q232A,232.0,1,0.0
Q232R,232.0,1,0.0
Q232N,232.0,1,0.0
Q232D,232.0,1,0.0
Q232C,232.0,1,0.0
Q232Q,232.0,0,0.0
Q232E,232.0,1,0.0
Q232G,232.0,1,0.0
Q232H,232.0,1,0.0
Q232I,232.0,1,0.0
Q232L,232.0,1,0.0
Q232K,232.0,1,0.0
Q232M,232.0,1,0.0
Q232F,232.0,1,0.0
Q232P,232.0,1,0.0
Q232S,232.0,1,0.0
Q232T,232.0,1,0.0
Q232W,232.0,1,0.0
Q232Y,232.0,1,0.0
Q232V,232.0,1,0.0
A233A,233.0,0,0.0
A233R,233.0,1,0.0
A233N,233.0,1,0.0
A233D,233.0,1,0.0
A233C,233.0,1,0.0
A233Q,233.0,1,0.0
A233E,233.0,1,0.0
A233G,233.0,1,0.0
A233H,233.0,1,0.0
A233I,233.0,1,0.0
A233L,233.0,1,0.0
A233K,233.0,1,0.0
A233M,233.0,1,0.0
A233F,233.0,1,0.0
A233P,233.0,1,0.0
A233S,233.0,1,0.0
A233T,233.0,1,0.0
A233W,233.0,1,0.0
A233Y,233.0,1,0.0
A233V,233.0,1,0.0
G234A,234.0,1,-0.08841387927532196
G234R,234.0,1,0.0
G234N,234.0,1,0.0
G234D,234.0,1,0.0
G234C,234.0,1,0.0
G234Q,234.0,1,0.0
G234E,234.0,1,0.0
G234G,234.0,0,0.16246400773525238
G234H,234.0,1,0.0
G234I,234.0,1,0.0
G234L,234.0,1,0.0
G234K,234.0,1,0.0
G234M,234.0,1,0.0
G234F,234.0,1,0.0
G234P,234.0,1,0.0
G234S,234.0,1,0.0
G234T,234.0,1,0.0
G234W,234.0,1,0.0
G234Y,234.0,1,0.0
G234V,234.0,1,-0.07405011355876923
S235A,235.0,1,0.0
S235R,235.0,1,0.0
S235N,235.0,1,0.0
S235D,235.0,1,0.0
S235C,235.0,1,0.0
S235Q,235.0,1,0.0
S235E,235.0,1,0.0
S235G,235.0,1,0.0
S235H,235.0,1,0.0
S235I,235.0,1,0.0
S235L,235.0,1,0.0
S235K,235.0,1,0.0
S235M,235.0,1,0.0
S235F,235.0,1,0.0
S235P,235.0,1,0.0
S235S,235.0,0,0.0
S235T,235.0,1,0.0
S235W,235.0,1,0.0
S235Y,235.0,1,0.0
S235V,235.0,1,0.0
Q236A,236.0,1,0.0
Q236R,236.0,1,0.0
Q236N,236.0,1,0.0
Q236D,236.0,1,0.0
Q236C,236.0,1,0.0
Q236Q,236.0,0,-0.031969986855983734
Q236E,236.0,1,0.0
Q236G,236.0,1,0.0
Q236H,236.0,1,0.0
Q236I,236.0,1,0.0
Q236L,236.0,1,0.018558621406555176
Q236K,236.0,1,0.0
Q236M,236.0,1,0.0
Q236F,236.0,1,0.0
Q236P,236.0,1,0.0
Q236S,236.0,1,0.01341156754642725
Q236T,236.0,1,0.0
Q236W,236.0,1,0.0
Q236Y,236.0,1,0.0
Q236V,236.0,1,0.0
S237A,237.0,1,0.0
S237R,237.0,1,0.0
S237N,237.0,1,0.0
S237D,237.0,1,0.0
S237C,237.0,1,0.0
S237Q,237.0,1,0.0
S237E,237.0,1,0.0
S237G,237.0,1,0.0
S237H,237.0,1,0.0
S237I,237.0,1,0.0
S237L,237.0,1,0.0
S237K,237.0,1,0.0
S237M,237.0,1,0.0
S237F,237.0,1,0.0
S237P,237.0,1,0.0
S237S,237.0,0,0.0
S237T,237.0,1,0.0
S237W,237.0,1,0.0
S237Y,237.0,1,0.0
S237V,237.0,1,0.0
P238A,238.0,1,0.0
P238R,238.0,1,-0.026341481134295464
P238N,238.0,1,0.0
P238D,238.0,1,0.0
P238C,238.0,1,0.0
P238Q,238.0,1,0.0
P238E,238.0,1,0.0
P238G,238.0,1,0.0
P238H,238.0,1,0.0
P238I,238.0,1,0.0
P238L,238.0,1,0.0
P238K,238.0,1,0.00649036793038249
P238M,238.0,1,0.0
P238F,238.0,1,0.0
P238P,238.0,0,0.01985110342502594
P238S,238.0,1,0.0
P238T,238.0,1,0.0
P238W,238.0,1,0.0
P238Y,238.0,1,0.0
P238V,238.0,1,0.0
R239A,239.0,1,0.003946192096918821
R239R,239.0,0,-0.02030327171087265
R239N,239.0,1,0.0
R239D,239.0,1,0.0
R239C,239.0,1,0.0
R239Q,239.0,1,0.0
R239E,239.0,1,0.0
R239G,239.0,1,0.0
R239H,239.0,1,0.0
R239I,239.0,1,0.0
R239L,239.0,1,0.0
R239K,239.0,1,0.0
R239M,239.0,1,0.0
R239F,239.0,1,0.0
R239P,239.0,1,0.0
R239S,239.0,1,0.016357097774744034
R239T,239.0,1,0.0
R239W,239.0,1,0.0
R239Y,239.0,1,0.0
R239V,239.0,1,0.0
A240A,240.0,0,0.0
A240R,240.0,1,0.0
A240N,240.0,1,0.0
A240D,240.0,1,0.0
A240C,240.0,1,0.0
A240Q,240.0,1,0.0
A240E,240.0,1,0.0
A240G,240.0,1,0.0
A240H,240.0,1,0.0
A240I,240.0,1,0.0
A240L,240.0,1,0.0
A240K,240.0,1,0.0
A240M,240.0,1,0.0
A240F,240.0,1,0.0
A240P,240.0,1,0.0
A240S,240.0,1,0.0
A240T,240.0,1,0.0
A240W,240.0,1,0.0
A240Y,240.0,1,0.0
A240V,240.0,1,0.0
I241A,241.0,1,0.0
I241R,241.0,1,0.0
I241N,241.0,1,0.0
I241D,241.0,1,0.0
I241C,241.0,1,0.0
I241Q,241.0,1,0.0
I241E,241.0,1,0.0
I241G,241.0,1,0.0
I241H,241.0,1,0.0
I241I,241.0,0,0.0
I241L,241.0,1,0.0
I241K,241.0,1,0.0
I241M,241.0,1,0.0
I241F,241.0,1,0.0
I241P,241.0,1,0.0
I241S,241.0,1,0.0
I241T,241.0,1,0.0
I241W,241.0,1,0.0
I241Y,241.0,1,0.0
I241V,241.0,1,0.0
E242A,242.0,1,0.0
E242R,242.0,1,0.0
E242N,242.0,1,0.0
E242D,242.0,1,0.0
E242C,242.0,1,0.0
E242Q,242.0,1,0.0
E242E,242.0,0,0.0
E242G,242.0,1,0.0
E242H,242.0,1,0.0
E242I,242.0,1,0.0
E242L,242.0,1,0.0
E242K,242.0,1,0.0
E242M,242.0,1,0.0
E242F,242.0,1,0.0
E242P,242.0,1,0.0
E242S,242.0,1,0.0
E242T,242.0,1,0.0
E242W,242.0,1,0.0
E242Y,242.0,1,0.0
E242V,242.0,1,0.0
L243A,243.0,1,0.0
L243R,243.0,1,0.0
L243N,243.0,1,0.0
L243D,243.0,1,0.0
L243C,243.0,1,0.0
L243Q,243.0,1,0.0
L243E,243.0,1,0.0
L243G,243.0,1,0.0
L243H,243.0,1,0.0
L243I,243.0,1,0.0
L243L,243.0,0,0.0
L243K,243.0,1,0.0
L243M,243.0,1,0.0
L243F,243.0,1,0.0
L243P,243.0,1,0.0
L243S,243.0,1,0.0
L243T,243.0,1,0.0
L243W,243.0,1,0.0
L243Y,243.0,1,0.0
L243V,243.0,1,0.0
