index,ET096_S82_res_num,ET096_S82_res_aa,CviUPO_S82_res_num,CviUPO_S82_res_aa,DcaUPO_S82_res_num,DcaUPO_S82_res_aa,TE314_S82_res_num,TE314_S82_res_aa,OA167_S82_res_num,OA167_S82_res_aa
1,,-,1,L,,-,1,M,,-
2,,-,2,D,,-,2,R,,-
3,,-,3,F,,-,3,A,,-
4,,-,4,S,,-,4,S,,-
5,,-,,-,,-,5,V,,-
6,,-,,-,,-,6,M,,-
7,,-,,-,,-,7,I,,-
8,,-,,-,,-,8,A,,-
9,,-,,-,,-,9,T,,-
10,,-,,-,,-,10,T,,-
11,,-,,-,,-,11,C,,-
12,,-,,-,,-,12,A,,-
13,,-,,-,,-,13,A,,-
14,,-,,-,,-,14,A,,-
15,,-,,-,,-,15,A,,-
16,,-,,-,,-,16,A,,-
17,,-,,-,,-,17,S,,-
18,,-,,-,,-,18,S,,-
19,,-,,-,,-,19,Q,,-
20,,-,,-,,-,20,A,,-
21,,-,,-,,-,21,I,,-
22,,-,,-,,-,22,E,,-
23,,-,,-,,-,23,N,,-
24,,-,,-,,-,24,P,,-
25,,-,,-,,-,25,H,,-
26,,-,,-,,-,26,P,,-
27,1,M,,-,,-,,-,,-
28,2,K,,-,,-,,-,1,M
29,3,L,,-,,-,,-,2,K
30,4,T,,-,,-,,-,3,L
31,5,L,,-,,-,,-,4,L
32,6,L,,-,,-,,-,5,L
33,7,L,,-,,-,,-,6,V
34,8,S,,-,,-,,-,7,T
35,9,A,,-,,-,,-,8,Y
36,10,V,,-,,-,,-,9,T
37,11,F,,-,,-,,-,10,L
38,12,S,,-,,-,,-,11,L
39,13,G,,-,,-,,-,12,G
40,14,A,,-,,-,,-,13,M
41,15,V,,-,,-,,-,14,V
42,16,A,,-,,-,,-,15,T
43,17,T,,-,,-,,-,16,A
44,18,L,,-,,-,,-,17,A
45,19,A,,-,,-,,-,18,V
46,20,E,,-,,-,,-,19,N
47,21,T,,-,,-,,-,20,F
48,22,S,,-,1,A,,-,21,E
49,23,E,5,K,2,P,,-,22,D
50,24,W,6,W,3,W,27,W,23,W
51,25,S,7,K,4,K,28,I,24,H
52,26,P,8,T,5,A,29,A,25,P
53,27,P,9,R,6,P,30,P,26,Q
54,28,E,10,Q,7,G,31,A,27,G
55,29,S,11,P,8,P,32,E,28,H
56,30,G,12,G,9,D,33,G,29,G
57,31,D,13,E,10,D,34,A,30,F
58,32,A,14,F,11,V,35,K,31,V
59,33,R,15,R,12,R,36,R,32,R
60,34,S,16,A,13,G,37,S,33,S
61,35,P,17,P,14,P,38,P,34,P
62,36,C,18,C,15,C,39,C,35,C
63,37,P,19,P,16,P,40,P,36,P
64,38,L,20,A,17,M,41,M,37,A
65,39,L,21,M,18,L,42,L,38,L
66,40,N,22,N,19,N,43,N,39,N
67,41,S,23,S,20,T,44,S,40,S
68,42,L,24,L,21,L,45,L,41,L
69,43,A,25,A,22,A,46,A,42,A
70,44,N,26,N,23,N,47,N,43,N
71,45,H,27,H,24,H,48,H,44,H
72,46,G,28,G,25,G,49,G,45,N
73,47,Y,29,F,26,F,50,Y,46,V
74,48,L,30,I,27,L,51,L,47,L
75,49,P,31,P,28,P,52,P,48,P
76,50,H,32,R,29,H,53,R,49,R
77,51,D,33,D,30,D,54,D,50,D
78,52,G,34,G,31,G,55,G,51,G
79,53,K,35,R,32,K,56,N,52,R
80,54,N,36,N,33,N,57,A,53,N
81,55,I,37,I,34,I,58,I,54,Y
82,56,T,38,T,35,D,59,S,55,T
83,57,G,39,V,36,V,60,M,56,I
84,58,D,40,A,37,N,61,D,57,P
85,59,V,41,M,38,T,62,S,58,V
86,60,L,42,L,39,T,63,L,59,L
87,61,S,43,V,40,V,64,I,60,V
88,62,K,44,P,41,N,65,S,61,K
89,63,A,45,V,42,A,66,G,62,A
90,64,I,46,L,43,L,67,L,63,L
91,65,T,47,Q,44,S,68,G,64,G
92,66,T,48,E,45,S,69,Q,65,E
93,67,T,49,V,46,A,70,A,66,G
94,68,L,50,F,47,L,71,L,67,L
95,69,N,51,H,48,N,72,N,68,N
96,70,M,52,L,49,L,73,F,69,V
97,71,D,53,S,50,D,74,N,70,S
98,72,D,54,P,51,D,75,E,71,A
99,73,S,55,E,52,E,76,S,72,E
100,74,V,56,L,53,L,77,L,73,T
101,75,S,57,A,54,S,78,V,74,A
102,76,A,58,Q,55,R,79,R,75,T
103,77,A,59,T,56,D,80,T,76,A
104,,-,60,I,57,L,81,L,77,L
105,78,F,61,S,58,H,82,G,78,A
106,79,M,62,T,59,T,83,T,79,T
107,80,A,63,L,60,F,84,P,80,L
108,81,A,64,G,61,A,85,A,81,G
109,82,L,65,L,62,V,86,F,82,L
110,,-,66,F,63,T,87,A,83,S
111,,-,,-,,-,88,T,,-
112,,-,,-,,-,89,S,,-
113,,-,,-,,-,90,T,,-
114,,-,,-,,-,91,T,,-
115,,-,,-,,-,92,G,,-
116,,-,,-,,-,93,D,,-
117,,-,,-,,-,94,P,,-
118,83,R,67,T,64,T,,-,84,L
119,84,N,68,A,65,N,,-,85,S
120,85,S,69,Q,66,P,,-,86,K
121,86,I,70,D,67,Q,,-,87,D
122,87,T,71,P,68,P,,-,88,P
123,88,T,72,S,69,N,,-,89,A
124,89,A,73,K,70,A,,-,90,S
125,90,E,74,G,71,T,95,T,91,G
126,91,T,75,V,72,W,96,T,92,A
127,92,F,76,F,73,F,97,F,93,F
128,93,S,77,T,74,S,98,N,94,D
129,94,L,78,L,75,L,99,L,95,L
130,95,D,79,D,76,N,100,D,96,D
131,96,E,80,D,77,H,101,D,97,D
132,97,L,81,L,78,L,102,I,98,L
133,98,N,82,N,79,S,103,A,99,N
134,99,K,83,R,80,R,104,K,100,K
135,100,H,84,H,81,H,105,H,101,H
136,101,N,85,N,82,N,106,N,102,N
137,102,G,86,L,83,V,107,V,103,A
138,103,I,87,F,84,L,108,I,104,I
139,104,E,88,E,85,E,109,E,105,E
140,105,H,89,H,86,H,110,H,106,H
141,106,D,90,D,87,D,111,D,107,D
142,107,A,91,A,88,A,112,G,108,A
143,108,S,92,S,89,S,113,S,109,S
144,109,L,93,L,90,L,114,L,110,L
145,110,S,94,S,91,S,115,S,111,S
146,111,R,95,R,92,R,116,R,112,R
147,112,Q,96,E,93,Q,117,A,113,R
148,113,D,97,D,94,D,118,D,114,D
149,114,F,98,Y,95,A,119,F,115,F
150,115,Y,99,Y,96,Y,120,A,116,D
151,116,F,100,F,97,F,121,V,117,L
152,117,G,101,H,98,G,122,T,118,G
153,,-,102,K,,-,123,G,119,G
154,118,N,103,D,99,P,124,D,120,N
155,119,V,104,A,100,P,125,A,121,A
156,120,Q,105,S,101,D,126,K,122,Q
157,121,A,106,T,102,V,127,T,123,A
158,122,F,107,F,103,F,128,F,124,F
159,123,N,108,R,104,N,129,N,125,D
160,124,E,109,P,105,A,130,Q,126,R
161,125,T,110,E,106,A,131,S,127,E
162,126,I,111,V,107,V,132,V,128,T
163,127,F,112,F,108,F,133,W,129,F
164,128,N,113,K,109,N,134,D,130,Q
165,129,Q,114,K,110,E,135,E,131,E
166,130,T,115,F,111,T,136,T,132,T
167,131,R,116,M,112,K,137,S,133,L
168,132,S,117,S,113,A,138,G,134,S
169,133,Y,118,H,114,Y,139,Y,135,F
170,134,W,119,F,115,W,140,L,136,F
171,,-,120,K,,-,141,A,,-
172,,-,121,G,,-,142,E,,-
173,,-,122,K,,-,143,G,,-
174,,-,,-,,-,144,A,,-
175,,-,,-,,-,145,V,,-
176,,-,,-,,-,146,A,,-
177,,-,,-,,-,147,N,,-
178,,-,,-,,-,148,A,,-
179,,-,,-,,-,149,G,,-
180,135,T,,-,116,T,,-,137,K
181,,-,,-,,-,,-,138,G
182,,-,,-,,-,,-,139,A
183,136,D,,-,117,G,,-,,-
184,137,P,,-,118,D,,-,,-
185,138,V,123,E,,-,,-,140,T
186,139,T,124,Y,119,I,150,R,141,N
187,140,I,125,V,120,I,151,V,142,V
188,141,D,126,T,121,N,152,D,143,G
189,142,I,127,L,122,F,153,V,144,I
190,143,H,128,E,123,Q,154,A,145,E
191,144,Q,129,D,124,M,155,T,146,D
192,145,A,130,A,125,A,156,M,147,V
193,146,A,131,A,126,A,157,A,148,A
194,147,N,132,S,127,N,158,A,149,A
195,148,A,133,A,128,A,159,A,150,A
196,149,R,134,R,129,L,160,R,151,R
197,150,N,135,Y,130,T,161,S,152,W
198,151,A,136,A,131,A,162,K,153,G
199,152,R,137,M,132,R,163,R,154,R
200,153,I,138,V,133,L,164,I,155,I
201,154,E,139,Q,134,M,165,A,156,Q
202,155,T,140,E,135,T,166,T,157,S
203,156,S,141,S,136,S,167,A,158,S
204,157,K,142,R,137,N,168,Q,159,K
205,158,A,143,K,138,L,169,A,160,A
206,159,T,144,K,139,T,170,T,161,Q
207,160,N,145,N,140,N,171,N,162,N
208,161,P,146,P,141,P,172,P,163,S
209,162,T,147,T,142,E,173,S,164,K
210,163,Y,148,F,143,F,174,F,165,F
211,164,N,149,T,144,S,175,G,166,V
212,165,E,150,Y,145,M,176,L,167,Y
213,166,T,151,T,146,S,177,T,168,G
214,167,A,152,V,147,Q,178,S,169,A
215,168,V,153,Q,148,L,179,S,170,N
216,169,N,154,Q,149,G,180,Q,171,Q
217,170,R,155,R,150,R,181,V,172,T
218,,-,156,I,151,G,182,T,173,F
219,171,A,157,T,152,F,183,V,174,P
220,172,S,158,S,153,G,184,S,175,T
221,173,A,159,Y,154,L,185,L,176,Y
222,174,L,160,G,155,G,186,G,177,F
223,175,E,161,E,156,E,187,E,178,E
224,176,T,162,T,157,T,188,S,179,S
225,177,A,163,I,158,V,189,A,180,S
226,178,A,164,K,159,C,190,V,181,A
227,179,Y,165,Y,160,Y,191,I,182,Y
228,180,I,166,F,161,V,192,L,183,F
229,181,L,167,R,162,T,193,G,184,Q
230,182,S,168,T,163,I,194,T,185,L
231,183,F,169,I,164,L,195,L,186,F
232,,-,170,V,,-,,-,,-
233,,-,171,E,,-,,-,,-
234,,-,172,P,,-,,-,,-
235,,-,173,A,,-,,-,,-
236,,-,174,T,,-,,-,,-
237,,-,175,G,,-,,-,,-
238,184,G,,-,165,G,196,G,187,K
239,,-,,-,,-,197,G,,-
240,185,D,,-,166,S,198,S,188,D
241,186,K,,-,167,K,199,F,189,P
242,187,V,,-,168,E,200,T,190,K
243,188,T,,-,169,T,201,S,191,T
244,189,G,,-,170,R,202,P,192,N
245,190,S,176,K,171,T,203,A,193,K
246,191,V,177,C,172,V,204,A,194,A
247,192,P,178,P,173,P,205,P,195,S
248,193,K,179,V,174,K,206,L,196,V
249,194,A,180,A,175,A,207,D,197,E
250,195,F,181,W,176,F,208,W,198,W
251,196,V,182,I,177,V,209,M,199,I
252,197,E,183,K,178,E,210,K,200,K
253,198,Y,184,I,179,Y,211,I,201,V
254,199,F,185,L,180,L,212,V,202,F
255,200,F,186,F,181,F,213,F,203,F
256,201,E,187,E,182,E,214,E,204,E
257,202,N,188,Q,183,N,215,E,205,Q
258,203,E,189,E,184,E,216,E,206,E
259,204,R,190,R,185,R,217,R,207,R
260,205,L,191,L,186,L,218,L,208,M
261,206,P,192,P,187,P,219,P,209,P
262,207,F,193,Y,188,Y,220,F,210,W
263,208,H,194,N,189,E,221,D,211,K
264,209,L,195,E,190,L,222,E,212,E
265,210,G,196,G,191,G,223,G,213,G
266,211,W,197,W,192,F,224,F,214,W
267,212,Y,198,R,193,K,225,S,215,R
268,213,K,199,P,194,K,226,T,216,P
269,214,S,200,P,195,M,227,S,217,S
270,215,A,201,K,196,K,228,P,218,I
271,216,E,202,A,197,S,229,A,219,N
272,217,S,203,E,198,A,230,V,220,R
273,218,I,204,L,199,L,231,I,221,I
274,219,S,205,S,200,T,232,T,222,D
275,220,F,206,G,201,E,233,T,223,G
276,221,A,207,F,202,D,234,A,224,F
277,222,D,208,S,203,E,235,E,225,S
278,223,F,209,M,204,L,236,V,226,I
279,224,Q,210,A,205,T,237,L,227,A
280,225,N,211,S,206,T,238,A,228,Q
281,226,M,212,D,207,M,239,L,229,T
282,227,S,213,V,208,M,240,S,230,T
283,228,T,214,L,209,G,241,Q,231,L
284,229,R,215,E,210,E,242,S,232,Q
285,230,V,216,L,211,I,243,I,233,L
286,231,S,217,A,212,Y,244,A,234,A
287,232,Q,218,L,213,S,245,T,235,L
288,233,A,219,V,214,L,246,S,236,H
289,,-,,-,,-,247,S,,-
290,,-,,-,,-,248,S,,-
291,234,G,220,T,215,Q,,-,237,S
292,235,S,221,P,216,H,,-,238,P
293,236,Q,222,E,217,L,,-,239,E
294,,-,223,K,,-,,-,240,K
295,,-,224,L,,-,,-,241,L
296,,-,225,I,,-,,-,,-
297,,-,226,D,,-,,-,,-
298,237,S,,-,218,P,,-,,-
299,238,P,,-,219,E,,-,,-
300,,-,,-,220,S,,-,,-
301,,-,,-,221,F,,-,,-
302,,-,,-,222,T,,-,,-
303,239,R,,-,,-,,-,,-
304,240,A,,-,,-,,-,,-
305,241,I,,-,,-,,-,,-
306,242,E,,-,,-,,-,,-
307,243,L,,-,,-,,-,,-
