,index,ET096_res_num,ET096_res_aa,CviUPO_res_num,CviUPO_res_aa,DcaUPO_res_num,DcaUPO_res_aa,TE314_res_num,TE314_res_aa,OA167_res_num,OA167_res_aa,ET096_min_dist_res_to_ligand,ET096_dist_res_to_ligand_reactive_center,CviUPO_min_dist_res_to_ligand,CviUPO_dist_res_to_ligand_reactive_center,DcaUPO_min_dist_res_to_ligand,DcaUPO_dist_res_to_ligand_reactive_center,TE314_min_dist_res_to_ligand,TE314_dist_res_to_ligand_reactive_center,OA167_min_dist_res_to_ligand,OA167_dist_res_to_ligand_reactive_center,variation_marker
99,100,74,V,57,L,55,L,77,L,73,T,4.881,4.544,7.776,7.456,8.503,10.348,8.514,9.402,8.851,12.294,*
102,103,77,A,60,T,58,D,80,T,76,A,4.7,4.811,7.128,8.73,7.627,11.022,7.191,8.863,8.648,11.346,*
103,104,,-,61,I,59,L,81,L,77,L,,,5.689,6.683,4.884,7.036,4.763,5.18,5.884,8.272,*
104,105,78,F,62,S,60,H,82,G,78,A,5.383,8.073,9.306,11.265,7.123,12.106,6.602,8.209,9.015,11.119,*
105,106,79,M,63,T,61,T,83,T,79,T,7.875,9.641,9.807,12.461,7.703,11.42,7.618,10.501,9.48,11.873,*
106,107,80,A,64,L,62,F,84,P,80,L,5.823,7.944,7.167,9.406,4.766,7.314,6.21,8.8,5.878,7.943,*
107,108,81,A,65,G,63,A,85,A,81,G,6.896,9.109,8.792,12.339,5.846,9.737,7.717,10.29,7.279,9.461,*
137,138,103,I,88,F,86,L,108,I,104,I,8.283,11.249,7.376,8.978,6.074,6.419,6.114,7.61,4.258,5.567,*
138,139,104,E,89,E,87,E,109,E,105,E,10.584,15.603,8.956,13.759,7.953,9.727,8.344,10.536,5.806,7.737, 
214,215,168,V,154,Q,150,L,179,S,170,N,10.344,13.587,7.687,10.527,8.981,9.477,9.419,11.305,7.738,10.066,*
217,218,,-,157,I,153,G,182,T,173,F,,,5.74,5.649,6.297,7.005,7.278,9.345,8.092,9.226,*
218,219,171,A,158,T,154,F,183,V,174,P,7.71,10.592,3.786,5.103,3.713,3.948,4.725,5.515,4.76,4.997,*
219,220,172,S,159,S,155,G,184,S,175,T,9.44,13.266,6.654,7.607,6.385,6.724,7.141,7.908,6.663,7.397,*
220,221,173,A,160,Y,156,L,185,L,176,Y,9.527,12.291,6.96,8.943,6.753,8.935,7.289,9.808,8.487,10.738,*
221,222,174,L,161,G,157,G,186,G,177,F,5.829,7.897,3.467,3.757,3.959,6.035,3.764,6.046,5.376,6.97,*
222,223,175,E,162,E,158,E,187,E,178,E,5.796,9.596,4.246,5.99,5.187,4.751,4.314,4.658,4.787,5.1, 
223,224,176,T,163,T,159,T,188,S,179,S,8.959,13.539,7.686,8.496,8.458,9.813,7.737,9.15,8.584,10.25,*
224,225,177,A,164,I,160,V,189,A,180,S,7.833,11.257,7.613,7.612,8.632,10.102,7.402,9.291,8.96,10.98,*
225,226,178,A,165,K,161,C,190,V,181,A,5.267,9.527,6.822,5.754,7.961,8.697,6.428,7.533,7.179,10.075,*
277,278,223,F,210,M,206,L,236,V,226,I,7.822,8.2,7.542,6.171,7.97,9.99,6.976,9.721,9.753,12.259,*
