,index,ET096_res_num,ET096_res_aa,CviUPO_res_num,CviUPO_res_aa,DcaUPO_res_num,DcaUPO_res_aa,TE314_res_num,TE314_res_aa,OA167_res_num,OA167_res_aa,ET096_min_dist_res_to_ligand,ET096_dist_res_to_ligand_reactive_center,CviUPO_min_dist_res_to_ligand,CviUPO_dist_res_to_ligand_reactive_center,DcaUPO_min_dist_res_to_ligand,DcaUPO_dist_res_to_ligand_reactive_center,TE314_min_dist_res_to_ligand,TE314_dist_res_to_ligand_reactive_center,OA167_min_dist_res_to_ligand,OA167_dist_res_to_ligand_reactive_center
0,1,,-,2,L,,-,1,M,,-,,,23.422,,,,50.652,,,
1,2,,-,3,D,,-,2,R,,-,,,25.798,,,,48.872,,,
2,3,,-,4,F,,-,3,A,,-,,,24.279,,,,45.802,,,
3,4,,-,5,S,,-,4,S,,-,,,27.521,,,,45.866,,,
4,5,,-,,-,,-,5,V,,-,,,,,,,46.272,,,
5,6,,-,,-,,-,6,M,,-,,,,,,,43.461,,,
6,7,,-,,-,,-,7,I,,-,,,,,,,41.082,,,
7,8,,-,,-,,-,8,A,,-,,,,,,,42.197,,,
8,9,,-,,-,,-,9,T,,-,,,,,,,41.949,,,
9,10,,-,,-,,-,10,T,,-,,,,,,,38.512,,,
10,11,,-,,-,,-,11,C,,-,,,,,,,37.174,,,
11,12,,-,,-,,-,12,A,,-,,,,,,,38.96,,,
12,13,,-,,-,,-,13,A,,-,,,,,,,37.622,,,
13,14,,-,,-,,-,14,A,,-,,,,,,,34.001,,,
14,15,,-,,-,,-,15,A,,-,,,,,,,34.576,,,
15,16,,-,,-,,-,16,A,,-,,,,,,,36.471,,,
16,17,,-,,-,,-,17,S,,-,,,,,,,33.643,,,
17,18,,-,,-,,-,18,S,,-,,,,,,,31.062,,,
18,19,,-,,-,,-,19,Q,,-,,,,,,,33.371,,,
19,20,,-,,-,,-,20,A,,-,,,,,,,34.289,,,
20,21,,-,,-,,-,21,I,,-,,,,,,,30.753,,,
21,22,,-,,-,,-,22,E,,-,,,,,,,30.642,,,
22,23,,-,,-,,-,23,N,,-,,,,,,,27.176,,,
23,24,,-,,-,,-,24,P,,-,,,,,,,25.559,,,
24,25,,-,,-,,-,25,H,,-,,,,,,,22.409,,,
25,26,,-,,-,,-,26,P,,-,,,,,,,23.732,,,
26,27,1,M,,-,,-,,-,,-,72.328,,,,,,,,,
27,28,2,K,,-,,-,,-,1,M,70.783,,,,,,,,72.872,
28,29,3,L,,-,,-,,-,2,K,67.085,,,,,,,,69.325,
29,30,4,T,,-,,-,,-,3,L,65.142,,,,,,,,67.977,
30,31,5,L,,-,,-,,-,4,L,61.834,,,,,,,,64.306,
31,32,6,L,,-,,-,,-,5,L,59.696,,,,,,,,62.577,
32,33,7,L,,-,,-,,-,6,V,57.138,,,,,,,,59.629,
33,34,8,S,,-,,-,,-,7,T,54.272,,,,,,,,56.765,
34,35,9,A,,-,,-,,-,8,Y,50.473,,,,,,,,53.288,
35,36,10,V,,-,,-,,-,9,T,48.653,,,,,,,,50.586,
36,37,11,F,,-,,-,,-,10,L,45.504,,,,,,,,47.043,
37,38,12,S,,-,,-,,-,11,L,42.947,,,,,,,,44.926,
38,39,13,G,,-,,-,,-,12,G,39.443,,,,,,,,41.515,
39,40,14,A,,-,,-,,-,13,M,38.422,,,,,,,,40.416,
40,41,15,V,,-,,-,,-,14,V,35.419,,,,,,,,37.549,
41,42,16,A,,-,,-,,-,15,T,33.644,,,,,,,,36.033,
42,43,17,T,,-,,-,,-,16,A,31.775,,,,,,,,33.982,
43,44,18,L,,-,,-,,-,17,A,29.155,,,,,,,,31.546,
44,45,19,A,,-,,-,,-,18,V,27.718,,,,,,,,30.623,
45,46,20,E,,-,,-,,-,19,N,24.397,,,,,,,,27.315,
46,47,21,T,,-,,-,,-,20,F,24.036,,,,,,,,26.822,
47,48,22,S,,-,3,A,,-,21,E,22.128,,,,25.888,,,,24.509,
48,49,23,E,6,K,4,P,,-,22,D,22.964,,26.461,,26.025,,,,24.686,
49,50,24,W,7,W,5,W,27,W,23,W,21.77,,24.344,,24.036,,21.898,,22.656,
50,51,25,S,8,K,6,K,28,I,24,H,23.144,,24.898,,24.384,,23.223,,23.29,
51,52,26,P,9,T,7,A,29,A,25,P,23.017,,22.971,,23.106,,22.658,,22.458,
52,53,27,P,10,R,8,P,30,P,26,Q,22.575,,21.93,,21.844,,21.443,,21.092,
53,54,28,E,11,Q,9,G,31,A,27,G,25.588,,25.203,,24.879,,24.45,,23.839,
54,55,29,S,12,P,10,P,32,E,28,H,26.666,,26.47,,25.642,,25.45,,24.125,
55,56,30,G,13,G,11,D,33,G,29,G,24.902,,25.313,,24.213,,23.579,,23.749,
56,57,31,D,14,E,12,D,34,A,30,F,21.591,,22.156,,21.161,,20.544,,20.703,
57,58,32,A,15,F,13,V,35,K,31,V,18.625,,18.947,,17.928,,17.236,,17.424,
58,59,33,R,16,R,14,R,36,R,32,R,15.788,,16.059,,14.981,,14.434,,14.228,
59,60,34,S,17,A,15,G,37,S,33,S,12.727,,12.459,,11.578,,11.159,,10.674,
60,61,35,P,18,P,16,P,38,P,34,P,12.091,,11.116,,9.982,,10.328,,8.521,7.617
61,62,36,C,19,C,17,C,39,C,35,C,9.373,,9.104,10.283,8.218,7.583,8.05,6.509,7.187,6.867
62,63,37,P,20,P,18,P,40,P,36,P,11.26,,11.917,,11.369,,10.781,,9.948,
63,64,38,L,21,A,19,M,41,M,37,A,9.286,9.105,11.105,,10.996,,9.753,,9.387,
64,65,39,L,22,M,20,L,42,L,38,L,10.355,7.531,11.274,,10.701,8.589,9.483,7.376,9.923,8.272
65,66,40,N,23,N,21,N,43,N,39,N,13.682,,14.332,,13.644,,12.586,,12.688,
66,67,41,S,24,S,22,T,44,S,40,S,13.823,,15.708,,15.39,,14.136,,14.047,
67,68,42,L,25,L,23,L,45,L,41,L,13.099,,15.944,,15.419,,13.87,,14.278,
68,69,43,A,26,A,24,A,46,A,42,A,15.633,,17.722,,16.741,,15.544,,15.912,
69,70,44,N,27,N,25,N,47,N,43,N,18.193,,19.964,,19.385,,18.036,,18.306,
70,71,45,H,28,H,26,H,48,H,44,H,18.023,,20.959,,20.471,,18.982,,19.228,
71,72,46,G,29,G,27,G,49,G,45,N,18.181,,21.643,,20.62,,19.26,,19.565,
72,73,47,Y,30,F,28,F,50,Y,46,V,15.227,,19.601,,18.34,,16.916,,17.718,
73,74,48,L,31,I,29,L,51,L,47,L,14.027,,18.217,,16.231,,15.625,,16.252,
74,75,49,P,32,P,30,P,52,P,48,P,17.33,,20.555,,18.51,,18.125,,18.807,
75,76,50,H,33,R,31,H,53,R,49,R,19.321,,21.714,,20.24,,19.388,,20.124,
76,77,51,D,34,D,32,D,54,D,50,D,20.115,,21.971,,20.239,,19.771,,20.27,
77,78,52,G,35,G,33,G,55,G,51,G,16.402,,18.172,,16.364,,16.119,,16.636,
78,79,53,K,36,R,34,K,56,N,52,R,17.182,,19.463,,16.974,,17.6,,17.906,
79,80,54,N,37,N,35,N,57,A,53,N,16.595,,20.095,,16.705,,17.701,,18.297,
80,81,55,I,38,I,36,I,58,I,54,Y,13.29,,16.725,,14.068,,15.006,,15.933,
81,82,56,T,39,T,37,D,59,S,55,T,13.201,,16.945,,14.371,,15.56,,16.52,
82,83,57,G,40,V,38,V,60,M,56,I,10.969,,14.782,,13.234,,13.648,,14.972,
83,84,58,D,41,A,39,N,61,D,57,P,13.096,,17.976,,16.125,,16.725,,17.267,
84,85,59,V,42,M,40,T,62,S,58,V,13.038,,18.386,,15.621,,16.005,,16.78,
85,86,60,L,43,L,41,T,63,L,59,L,9.253,10.281,14.776,,12.02,,12.353,,13.026,
86,87,61,S,44,V,42,V,64,I,60,V,9.334,,14.3,,13.494,,13.748,,13.722,
87,88,62,K,45,P,43,N,65,S,61,K,12.38,,17.37,,16.716,,16.495,,16.604,
88,89,63,A,46,V,44,A,66,G,62,A,11.434,,16.291,,15.522,,14.796,,14.959,
89,90,64,I,47,L,45,L,67,L,63,L,8.23,7.897,12.847,,13.358,,12.121,,12.186,
90,91,65,T,48,Q,46,S,68,G,64,G,10.514,,14.782,,16.266,,14.669,,15.113,
91,92,66,T,49,E,47,S,69,Q,65,E,13.489,,17.657,,19.075,,17.45,,17.492,
92,93,67,T,50,V,48,A,70,A,66,G,12.218,,16.264,,17.935,,15.886,,15.847,
93,94,68,L,51,F,49,L,71,L,67,L,9.809,,13.038,,15.633,,13.443,,13.518,
94,95,69,N,52,H,50,N,72,N,68,N,10.216,,13.798,,16.312,,14.611,,14.982,
95,96,70,M,53,L,51,L,73,F,69,V,7.112,9.596,10.85,9.576,12.81,,11.489,9.249,12.051,
96,97,71,D,54,S,52,D,74,N,70,S,8.722,11.849,12.257,,13.239,,12.558,,13.059,
97,98,72,D,55,P,53,D,75,E,71,A,9.216,,13.612,,13.774,,13.54,,13.772,
98,99,73,S,56,E,54,E,76,S,72,E,8.394,11.257,10.904,,11.851,,11.962,,12.4,
99,100,74,V,57,L,55,L,77,L,73,T,4.881,9.527,7.776,9.586,8.503,7.104,8.514,8.847,8.851,9.012
100,101,75,S,58,A,56,S,78,V,74,A,4.797,11.24,10.024,,9.419,,9.11,,9.332,
101,102,76,A,59,Q,57,R,79,R,75,T,7.026,10.164,10.634,,10.189,,10.05,,10.952,
102,103,77,A,60,T,58,D,80,T,76,A,4.7,6.716,7.128,7.746,7.627,7.577,7.191,5.515,8.648,7.942
103,104,,-,61,I,59,L,81,L,77,L,,,5.689,5.649,4.884,8.668,4.763,7.317,5.884,8.201
104,105,78,F,62,S,60,H,82,G,78,A,5.383,6.351,9.306,,7.123,7.005,6.602,8.656,9.015,
105,106,79,M,63,T,61,T,83,T,79,T,7.875,7.428,9.807,,7.703,3.948,7.618,6.046,9.48,
106,107,80,A,64,L,62,F,84,P,80,L,5.823,7.811,7.167,5.103,4.766,6.724,6.21,4.658,5.878,4.997
107,108,81,A,65,G,63,A,85,A,81,G,6.896,6.746,8.792,,5.846,7.967,7.717,8.498,7.279,7.021
108,109,82,L,66,L,64,V,86,F,82,L,10.341,,12.316,,9.389,6.035,10.909,,10.322,
109,110,,-,67,F,65,T,87,A,83,S,,,11.785,,9.537,4.751,11.384,,9.482,
110,111,,-,,-,,-,88,T,,-,,,,,,,12.856,,,
111,112,,-,,-,,-,89,S,,-,,,,,,,14.01,,,
112,113,,-,,-,,-,90,T,,-,,,,,,,17.212,,,
113,114,,-,,-,,-,91,T,,-,,,,,,,18.709,,,
114,115,,-,,-,,-,92,G,,-,,,,,,,20.924,,,
115,116,,-,,-,,-,93,D,,-,,,,,,,19.697,,,
116,117,,-,,-,,-,94,P,,-,,,,,,,16.843,,,
117,118,83,R,68,T,66,T,,-,84,L,11.492,,12.134,,9.819,7.832,,,9.446,8.504
118,119,84,N,69,A,67,N,,-,85,S,14.457,,15.497,,12.84,,,,12.921,
119,120,85,S,70,Q,68,P,,-,86,K,17.875,,18.996,,16.24,,,,15.729,
120,121,86,I,71,D,69,Q,,-,87,D,19.029,,19.802,,17.474,,,,17.64,
121,122,87,T,72,P,70,P,,-,88,P,18.364,,16.805,,17.374,,,,17.678,
122,123,88,T,73,S,71,N,,-,89,A,17.262,,19.58,,16.202,,,,16.934,
123,124,89,A,74,K,72,A,,-,90,S,15.872,,21.264,,15.045,,,,16.253,
124,125,90,E,75,G,73,T,95,T,91,G,14.849,,18.539,,14.58,,16.612,,16.551,
125,126,91,T,76,V,74,W,96,T,92,A,13.719,,18.315,,13.441,,15.572,,15.301,
126,127,92,F,77,F,75,F,97,F,93,F,12.755,,15.773,,11.88,,13.67,,13.283,
127,128,93,S,78,T,76,S,98,N,94,D,14.171,,15.776,,13.423,,14.211,,14.11,
128,129,94,L,79,L,77,L,99,L,95,L,12.865,,13.961,,12.148,,11.893,,12.003,
129,130,95,D,80,D,78,N,100,D,96,D,15.219,,15.903,,14.01,,13.506,,13.155,
130,131,96,E,81,D,79,H,101,D,97,D,13.636,,14.277,,12.211,,12.262,,11.776,
131,132,97,L,82,L,80,L,102,I,98,L,10.524,,10.754,,9.034,7.835,8.781,9.113,8.129,6.97
132,133,98,N,83,N,81,S,103,A,99,N,13.509,,12.813,,11.404,,11.048,,9.792,
133,134,99,K,84,R,82,R,104,K,100,K,14.89,,13.675,,12.616,,12.164,,10.744,
134,135,100,H,85,H,83,H,105,H,101,H,15.207,,13.381,,12.553,,12.567,,10.623,
135,136,101,N,86,N,84,N,106,N,102,N,13.977,,12.042,,11.886,,11.165,,9.546,
136,137,102,G,87,L,85,V,107,V,103,A,11.513,,10.915,,9.39,9.393,9.211,7.186,7.557,5.1
137,138,103,I,88,F,86,L,108,I,104,I,8.283,4.544,7.376,6.858,6.074,9.83,6.114,8.809,4.258,8.299
138,139,104,E,89,E,87,E,109,E,105,E,10.584,,8.956,,7.953,7.036,8.344,8.33,5.806,9.353
139,140,105,H,90,H,88,H,110,H,106,H,12.82,,9.682,6.524,10.058,10.354,10.242,8.534,7.606,11.036
140,141,106,D,91,D,89,D,111,D,107,D,16.019,,12.662,,12.85,,13.41,,10.88,
141,142,107,A,92,A,90,A,112,G,108,A,16.308,,13.033,,13.077,,14.117,,11.884,
142,143,108,S,93,S,91,S,113,S,109,S,14.044,,11.61,,11.342,,12.129,,9.932,
143,144,109,L,94,L,92,L,114,L,110,L,14.67,,12.902,,12.659,,13.46,,11.67,
144,145,110,S,95,S,93,S,115,S,111,S,16.132,,14.844,,14.327,,14.748,,12.938,
145,146,111,R,96,R,94,R,116,R,112,R,16.621,,14.705,,13.831,,14.965,,12.278,
146,147,112,Q,97,E,95,Q,117,A,113,R,19.511,,16.634,,16.09,,17.444,,14.546,
147,148,113,D,98,D,96,D,118,D,114,D,19.035,,16.111,,15.894,,16.657,,14.087,
148,149,114,F,99,Y,97,A,119,F,115,F,19.782,,17.188,,16.77,,17.136,,14.61,
149,150,115,Y,100,Y,98,Y,120,A,116,D,23.29,,20.352,,20.311,,20.22,,17.825,
150,151,116,F,101,F,99,F,121,V,117,L,24.387,,22.205,,21.37,,21.791,,19.076,
151,152,117,G,102,H,100,G,122,T,118,G,23.108,,22.883,,20.553,,21.717,,18.891,
152,153,,-,103,K,,-,123,G,119,G,,,20.737,,,,20.445,,17.681,
153,154,118,N,104,D,101,P,124,D,120,N,20.54,,18.871,,18.082,,18.236,,15.966,
154,155,119,V,105,A,102,P,125,A,121,A,17.063,,15.383,,14.535,,14.829,,12.693,
155,156,120,Q,106,S,103,D,126,K,122,Q,15.804,,14.87,,13.365,,13.691,,11.875,
156,157,121,A,107,T,104,V,127,T,123,A,18.387,,17.469,,16.171,,16.602,,14.476,
157,158,122,F,108,F,105,F,128,F,124,F,18.304,,17.399,,16.67,,16.792,,15.007,
158,159,123,N,109,R,106,N,129,N,125,D,20.913,,19.553,,18.918,,19.083,,17.195,
159,160,124,E,110,P,107,A,130,Q,126,R,22.495,,21.6,,20.956,,21.492,,19.51,
160,161,125,T,111,E,108,A,131,S,127,E,24.125,,22.671,,22.154,,22.742,,20.63,
161,162,126,I,112,V,109,V,132,V,128,T,21.128,,19.191,,18.743,,19.43,,17.377,
162,163,127,F,113,F,110,F,133,W,129,F,19.24,,18.441,,17.986,,18.586,,16.859,
163,164,128,N,114,K,111,N,134,D,130,Q,22.549,,22.018,,21.563,,22.173,,20.401,
164,165,129,Q,115,K,112,E,135,E,131,E,22.088,,21.195,,20.685,,21.832,,19.757,
165,166,130,T,116,F,113,T,136,T,132,T,18.673,,17.892,,17.733,,18.62,,17.071,
166,167,131,R,117,M,114,K,137,S,133,L,20.464,,19.958,,20.291,,20.015,,19.452,
167,168,132,S,118,S,115,A,138,G,134,S,23.346,,22.856,,22.927,,23.088,,22.193,
168,169,133,Y,119,H,116,Y,139,Y,135,F,21.413,,21.187,,20.941,,21.273,,20.49,
169,170,134,W,120,F,117,W,140,L,136,F,20.231,,21.334,,20.691,,19.604,,20.153,
170,171,,-,121,K,,-,141,A,,-,,,25.037,,,,23.129,,,
171,172,,-,122,G,,-,142,E,,-,,,27.637,,,,24.785,,,
172,173,,-,123,K,,-,143,G,,-,,,25.124,,,,22.764,,,
173,174,,-,,-,,-,144,A,,-,,,,,,,22.988,,,
174,175,,-,,-,,-,145,V,,-,,,,,,,26.774,,,
175,176,,-,,-,,-,146,A,,-,,,,,,,27.456,,,
176,177,,-,,-,,-,147,N,,-,,,,,,,25.393,,,
177,178,,-,,-,,-,148,A,,-,,,,,,,26.947,,,
178,179,,-,,-,,-,149,G,,-,,,,,,,24.462,,,
179,180,135,T,,-,118,T,,-,137,K,23.863,,,,24.337,,,,23.817,
180,181,,-,,-,,-,,-,138,G,,,,,,,,,24.895,
181,182,,-,,-,,-,,-,139,A,,,,,,,,,25.742,
182,183,136,D,,-,119,G,,-,,-,23.97,,,,24.99,,,,,
183,184,137,P,,-,120,D,,-,,-,23.337,,,,24.92,,,,,
184,185,138,V,124,E,,-,,-,140,T,23.365,,24.432,,,,,,24.776,
185,186,139,T,125,Y,121,I,150,R,141,N,20.479,,21.252,,22.295,,21.327,,21.791,
186,187,140,I,126,V,122,I,151,V,142,V,17.914,,18.249,,19.083,,18.316,,19.233,
187,188,141,D,127,T,123,N,152,D,143,G,17.67,,18.399,,18.155,,17.733,,18.786,
188,189,142,I,128,L,124,F,153,V,144,I,15.784,,15.757,,15.779,,15.687,,16.89,
189,190,143,H,129,E,125,Q,154,A,145,E,18.76,,18.207,,18.269,,18.33,,19.364,
190,191,144,Q,130,D,126,M,155,T,146,D,18.78,,18.172,,18.492,,18.469,,18.838,
191,192,145,A,131,A,127,A,156,M,147,V,15.064,,14.322,,14.696,,14.764,,15.081,
192,193,146,A,132,A,128,A,157,A,148,A,16.139,,14.483,,14.696,,15.093,,15.731,
193,194,147,N,133,S,129,N,158,A,149,A,19.237,,17.427,,17.785,,18.325,,18.258,
194,195,148,A,134,A,130,A,159,A,150,A,17.44,,16.214,,16.23,,17.148,,16.135,
195,196,149,R,135,R,131,L,160,R,151,R,15.311,,13.042,,13.378,,14.299,,13.578,
196,197,150,N,136,Y,132,T,161,S,152,W,18.6,,15.368,,16.232,,16.967,,16.634,
197,198,151,A,137,A,133,A,162,K,153,G,20.743,,18.175,,18.615,,19.607,,18.136,
198,199,152,R,138,M,134,R,163,R,154,R,18.809,,16.294,,16.202,,17.65,,15.303,
199,200,153,I,139,V,135,L,164,I,155,I,18.688,,15.916,,15.647,,16.933,,15.047,
200,201,154,E,140,Q,136,M,165,A,156,Q,22.468,,19.733,,19.518,,20.71,,18.849,
201,202,155,T,141,E,137,T,166,T,157,S,23.528,,20.469,,20.412,,21.636,,19.123,
202,203,156,S,142,S,138,S,167,A,158,S,21.818,,18.605,,18.4,,19.415,,17.083,
203,204,157,K,143,R,139,N,168,Q,159,K,23.794,,20.491,,20.083,,21.04,,18.883,
204,205,158,A,144,K,140,L,169,A,160,A,27.033,,23.706,,23.47,,24.432,,22.138,
205,206,159,T,145,K,141,T,170,T,161,Q,26.674,,23.485,,23.394,,24.112,,22.002,
206,207,160,N,146,N,142,N,171,N,162,N,25.107,,21.432,,21.521,,22.158,,19.733,
207,208,161,P,147,P,143,P,172,P,163,S,26.697,,23.343,,23.696,,24.462,,21.618,
208,209,162,T,148,T,144,E,173,S,164,K,23.733,,20.794,,21.108,,21.662,,18.81,
209,210,163,Y,149,F,145,F,174,F,165,F,21.384,,17.886,,18.343,,19.231,,16.486,
210,211,164,N,150,T,146,S,175,G,166,V,18.701,,15.405,,15.694,,16.754,,14.249,
211,212,165,E,151,Y,147,M,176,L,167,Y,16.446,,13.965,,13.601,,13.977,,12.552,
212,213,166,T,152,T,148,S,177,T,168,G,15.393,,12.851,,13.251,,13.297,,11.777,
213,214,167,A,153,V,149,Q,178,S,169,A,13.842,,10.131,3.757,11.827,,12.679,,11.346,
214,215,168,V,154,Q,150,L,179,S,170,N,10.344,,7.687,5.99,8.981,10.823,9.419,8.385,7.738,10.355
215,216,169,N,155,Q,151,G,180,Q,171,Q,11.111,,8.785,,8.21,7.314,8.653,,7.229,8.272
216,217,170,R,156,R,152,R,181,V,172,T,11.443,,9.072,7.65,9.014,9.737,10.091,,9.488,
217,218,,-,157,I,153,G,182,T,173,F,,,5.74,7.285,6.297,11.494,7.278,5.18,8.092,7.943
218,219,171,A,158,T,154,F,183,V,174,P,7.71,5.103,3.786,4.893,3.713,10.758,4.725,8.209,4.76,8.746
219,220,172,S,159,S,155,G,184,S,175,T,9.44,,6.654,7.897,6.385,9.919,7.141,9.964,6.663,8.412
220,221,173,A,160,Y,156,L,185,L,176,Y,9.527,,6.96,6.914,6.753,10.973,7.289,8.8,8.487,7.202
221,222,174,L,161,G,157,G,186,G,177,F,5.829,6.689,3.467,8.542,3.959,9.644,3.764,9.368,5.376,10.507
222,223,175,E,162,E,158,E,187,E,178,E,5.796,4.811,4.246,6.683,5.187,11.458,4.314,8.207,4.787,8.727
223,224,176,T,163,T,159,T,188,S,179,S,8.959,6.751,7.686,9.171,8.458,8.879,7.737,11.219,8.584,5.567
224,225,177,A,164,I,160,V,189,A,180,S,7.833,8.41,7.613,7.613,8.632,,7.402,10.018,8.96,
225,226,178,A,165,K,161,C,190,V,181,A,5.267,7.944,6.822,8.573,7.961,8.839,6.428,7.61,7.179,7.095
226,227,179,Y,166,Y,162,Y,191,I,182,Y,8.56,8.168,9.973,,11.156,,8.994,8.773,9.865,
227,228,180,I,167,F,163,V,192,L,183,F,10.859,,11.765,,13.11,,11.368,,12.434,
228,229,181,L,168,R,164,T,193,G,184,Q,9.434,,11.583,,12.733,,11.428,,12.257,
229,230,182,S,169,T,165,I,194,T,185,L,8.155,9.011,12.201,,12.63,,11.893,,11.418,
230,231,183,F,170,I,166,L,195,L,186,F,11.383,,14.466,,15.329,,14.474,,13.896,
231,232,,-,171,V,,-,,-,,-,,,16.844,,,,,,,
232,233,,-,172,E,,-,,-,,-,,,20.605,,,,,,,
233,234,,-,173,P,,-,,-,,-,,,21.894,,,,,,,
234,235,,-,174,A,,-,,-,,-,,,24.614,,,,,,,
235,236,,-,175,T,,-,,-,,-,,,22.862,,,,,,,
236,237,,-,176,G,,-,,-,,-,,,19.025,,,,,,,
237,238,184,G,,-,167,G,196,G,187,K,13.333,,,,16.651,,15.888,,16.19,
238,239,,-,,-,,-,197,G,,-,,,,,,,16.623,,,
239,240,185,D,,-,168,S,198,S,188,D,13.988,,,,17.374,,15.646,,16.945,
240,241,186,K,,-,169,K,199,F,189,P,12.469,,,,14.97,,12.914,,15.64,
241,242,187,V,,-,170,E,200,T,190,K,16.174,,,,18.368,,15.867,,19.096,
242,243,188,T,,-,171,T,201,S,191,T,17.793,,,,19.884,,17.835,,20.429,
243,244,189,G,,-,172,R,202,P,192,N,14.748,,,,16.6,,16.372,,17.215,
244,245,190,S,177,K,173,T,203,A,193,K,15.81,,18.922,,18.014,,18.549,,18.026,
245,246,191,V,178,C,174,V,204,A,194,A,15.573,,17.121,,18.156,,17.165,,17.414,
246,247,192,P,179,P,175,P,205,P,195,S,18.693,,19.927,,21.108,,20.079,,19.981,
247,248,193,K,180,V,176,K,206,L,196,V,18.685,,19.863,,20.646,,20.04,,19.642,
248,249,194,A,181,A,177,A,207,D,197,E,19.91,,21.852,,22.201,,21.744,,20.73,
249,250,195,F,182,W,178,F,208,W,198,W,16.702,,19.33,,19.598,,18.922,,18.148,
250,251,196,V,183,I,179,V,209,M,199,I,14.479,,16.607,,16.612,,16.445,,15.3,
251,252,197,E,184,K,180,E,210,K,200,K,17.541,,19.576,,18.819,,18.81,,17.481,
252,253,198,Y,185,I,181,Y,211,I,201,V,18.321,,20.013,,19.811,,19.055,,18.466,
253,254,199,F,186,L,182,L,212,V,202,F,14.838,,16.284,,16.28,,15.373,,15.008,
254,255,200,F,187,F,183,F,213,F,203,F,15.023,,15.713,,15.421,,14.87,,14.16,
255,256,201,E,188,E,184,E,214,E,204,E,18.763,,19.309,,19.037,,18.324,,17.734,
256,257,202,N,189,Q,185,N,215,E,205,Q,19.33,,20.586,,20.278,,19.112,,18.828,
257,258,203,E,190,E,186,E,216,E,206,E,16.034,,17.461,,17.275,,15.848,,15.799,
258,259,204,R,191,R,187,R,217,R,207,R,16.835,,18.955,,19.053,,17.77,,17.481,
259,260,205,L,192,L,188,L,218,L,208,M,15.25,,18.328,,18.728,,17.452,,17.094,
260,261,206,P,193,P,189,P,219,P,209,P,17.536,,20.936,,21.164,,20.379,,19.453,
261,262,207,F,194,Y,190,Y,220,F,210,W,19.379,,22.78,,23.709,,22.391,,21.867,
262,263,208,H,195,N,191,E,221,D,211,K,22.887,,26.176,,26.601,,25.491,,24.826,
263,264,209,L,196,E,192,L,222,E,212,E,21.899,,25.552,,25.708,,24.782,,23.856,
264,265,210,G,197,G,193,G,223,G,213,G,21.383,,25.015,,25.935,,24.419,,24.066,
265,266,211,W,198,W,194,F,224,F,214,W,17.604,,21.335,,22.367,,20.735,,20.484,
266,267,212,Y,199,R,195,K,225,S,215,R,16.868,,20.942,,22.103,,20.383,,20.409,
267,268,213,K,200,P,196,K,226,T,216,P,13.784,,18.146,,19.156,,17.754,,17.698,
268,269,214,S,201,P,197,M,227,S,217,S,13.334,,17.011,,18.494,,18.359,,17.591,
269,270,215,A,202,K,198,K,228,P,218,I,16.123,,19.203,,21.121,,19.708,,20.458,
270,271,216,E,203,A,199,S,229,A,219,N,14.568,,16.65,,19.132,,17.521,,18.902,
271,272,217,S,204,E,200,A,230,V,220,R,11.095,,14.082,,15.925,,15.177,,15.692,
272,273,218,I,205,L,201,L,231,I,221,I,8.673,9.088,10.325,5.816,12.491,,11.516,,12.753,
273,274,219,S,206,S,202,T,232,T,222,D,8.831,7.095,9.882,,11.373,,10.634,,12.319,
274,275,220,F,207,G,203,E,233,T,223,G,8.376,7.464,7.249,8.283,8.536,8.908,8.299,7.606,10.327,
275,276,221,A,208,F,204,D,234,A,224,F,11.725,,10.18,,11.284,,10.741,,13.221,
276,277,222,D,209,S,205,E,235,E,225,S,10.749,,10.948,,11.622,,10.606,,13.252,
277,278,223,F,210,M,206,L,236,V,226,I,7.822,10.386,7.542,7.394,7.97,6.419,6.976,9.433,9.753,6.208
278,279,224,Q,211,A,207,T,237,L,227,A,10.508,,8.174,8.674,8.202,8.14,7.832,10.948,10.753,
279,280,225,N,212,S,208,T,238,A,228,Q,13.25,,11.732,,11.686,,11.129,,14.011,
280,281,226,M,213,D,209,M,239,L,229,T,11.628,,10.739,,10.994,,10.357,,13.026,
281,282,227,S,214,V,210,M,240,S,230,T,10.698,,8.991,9.864,8.664,6.956,8.307,9.725,11.026,
282,283,228,T,215,L,211,G,241,Q,231,L,14.471,,12.253,,11.938,,11.498,,14.451,
283,284,229,R,216,E,212,E,242,S,232,Q,15.62,,14.452,,14.027,,13.713,,16.202,
284,285,230,V,217,L,213,I,243,I,233,L,14.389,,12.769,,12.731,,12.62,,14.412,
285,286,231,S,218,A,214,Y,244,A,234,A,15.837,,13.745,,13.259,,13.038,,15.438,
286,287,232,Q,219,L,215,S,245,T,235,L,19.224,,17.13,,16.768,,16.432,,18.934,
287,288,233,A,220,V,216,L,246,S,236,H,19.284,,17.821,,17.738,,17.639,,19.303,
288,289,,-,,-,,-,247,S,,-,,,,,,,21.06,,,
289,290,,-,,-,,-,248,S,,-,,,,,,,20.666,,,
290,291,234,G,221,T,217,Q,,-,237,S,19.09,,16.74,,16.883,,,,18.139,
291,292,235,S,222,P,218,H,,-,238,P,22.61,,19.92,,20.075,,,,20.741,
292,293,236,Q,223,E,219,L,,-,239,E,22.456,,18.248,,19.305,,,,18.586,
293,294,,-,224,K,,-,,-,240,K,,,19.5,,,,,,19.366,
294,295,,-,225,L,,-,,-,241,L,,,19.395,,,,,,16.533,
295,296,,-,226,I,,-,,-,,-,,,22.581,,,,,,,
296,297,,-,227,D,,-,,-,,-,,,25.931,,,,,,,
297,298,237,S,,-,220,P,,-,,-,25.885,,,,21.921,,,,,
298,299,238,P,,-,221,E,,-,,-,26.962,,,,22.546,,,,,
299,300,,-,,-,222,S,,-,,-,,,,,22.512,,,,,
300,301,,-,,-,223,F,,-,,-,,,,,18.904,,,,,
301,302,,-,,-,224,T,,-,,-,,,,,15.897,,,,,
302,303,239,R,,-,,-,,-,,-,28.045,,,,,,,,,
303,304,240,A,,-,,-,,-,,-,28.74,,,,,,,,,
304,305,241,I,,-,,-,,-,,-,24.963,,,,,,,,,
305,306,242,E,,-,,-,,-,,-,22.403,,,,,,,,,
306,307,243,L,,-,,-,,-,,-,19.237,,,,,,,,,
