,index,ET096_res_num,ET096_res_aa,CviUPO_res_num,CviUPO_res_aa,DcaUPO_res_num,DcaUPO_res_aa,TE314_res_num,TE314_res_aa,OA167_res_num,OA167_res_aa,ET096_dist_res_to_ligand_reactive_center,ET096_min_dist_res_to_ligand,CviUPO_dist_res_to_ligand_reactive_center,CviUPO_min_dist_res_to_ligand,DcaUPO_dist_res_to_ligand_reactive_center,DcaUPO_min_dist_res_to_ligand,TE314_dist_res_to_ligand_reactive_center,TE314_min_dist_res_to_ligand,OA167_dist_res_to_ligand_reactive_center,OA167_min_dist_res_to_ligand
99,100,74,V,57,L,55,L,77,L,73,T,4.544,2.937,7.456,4.931,10.348,5.96,9.402,5.94,12.294,7.062
102,103,77,A,60,T,58,D,80,T,76,A,4.811,3.937,8.73,5.137,11.022,5.856,8.863,5.39,11.346,7.304
103,104,,-,61,I,59,L,81,L,77,L,,,6.683,3.32,7.036,3.631,5.18,3.386,8.272,3.409
106,107,80,A,64,L,62,F,84,P,80,L,7.944,4.438,9.406,3.57,7.314,3.317,8.8,4.257,7.943,3.579
137,138,103,I,88,F,86,L,108,I,104,I,11.249,6.673,8.978,3.549,6.419,4.081,7.61,4.48,5.567,3.544
217,218,,-,157,I,153,G,182,T,173,F,,,5.649,3.971,7.005,4.494,9.345,5.444,9.226,6.81
218,219,171,A,158,T,154,F,183,V,174,P,10.592,6.76,5.103,3.773,3.948,3.543,5.515,3.81,4.997,3.623
219,220,172,S,159,S,155,G,184,S,175,T,13.266,8.876,7.607,5.783,6.724,5.461,7.908,6.627,7.397,6.075
220,221,173,A,160,Y,156,L,185,L,176,Y,12.291,8.189,8.943,5.802,8.935,5.897,9.808,6.088,10.738,7.461
221,222,174,L,161,G,157,G,186,G,177,F,7.897,3.404,3.757,3.467,6.035,3.959,6.046,3.756,6.97,3.382
225,226,178,A,165,K,161,C,190,V,181,A,9.527,4.179,5.754,3.381,8.697,5.538,7.533,4.584,10.075,5.863
277,278,223,F,210,M,206,L,236,V,226,I,8.2,3.808,6.171,3.452,9.99,4.669,9.721,4.498,12.259,7.189
281,282,227,S,214,V,210,M,240,S,230,T,13.364,8.556,8.734,6.451,10.445,4.819,11.324,5.899,12.878,9.068
