,index,ET096_res_num,ET096_res_aa,CviUPO_res_num,CviUPO_res_aa,DcaUPO_res_num,DcaUPO_res_aa,TE314_res_num,TE314_res_aa,OA167_res_num,OA167_res_aa
0,1,,-,2,L,,-,1,M,,-
1,2,,-,3,D,,-,2,R,,-
2,3,,-,4,F,,-,3,A,,-
3,4,,-,5,S,,-,4,S,,-
4,5,,-,,-,,-,5,V,,-
5,6,,-,,-,,-,6,M,,-
6,7,,-,,-,,-,7,I,,-
7,8,,-,,-,,-,8,A,,-
8,9,,-,,-,,-,9,T,,-
9,10,,-,,-,,-,10,T,,-
10,11,,-,,-,,-,11,C,,-
11,12,,-,,-,,-,12,A,,-
12,13,,-,,-,,-,13,A,,-
13,14,,-,,-,,-,14,A,,-
14,15,,-,,-,,-,15,A,,-
15,16,,-,,-,,-,16,A,,-
16,17,,-,,-,,-,17,S,,-
17,18,,-,,-,,-,18,S,,-
18,19,,-,,-,,-,19,Q,,-
19,20,,-,,-,,-,20,A,,-
20,21,,-,,-,,-,21,I,,-
21,22,,-,,-,,-,22,E,,-
22,23,,-,,-,,-,23,N,,-
23,24,,-,,-,,-,24,P,,-
24,25,,-,,-,,-,25,H,,-
25,26,,-,,-,,-,26,P,,-
26,27,1,M,,-,,-,,-,,-
27,28,2,K,,-,,-,,-,1,M
28,29,3,L,,-,,-,,-,2,K
29,30,4,T,,-,,-,,-,3,L
30,31,5,L,,-,,-,,-,4,L
31,32,6,L,,-,,-,,-,5,L
32,33,7,L,,-,,-,,-,6,V
33,34,8,S,,-,,-,,-,7,T
34,35,9,A,,-,,-,,-,8,Y
35,36,10,V,,-,,-,,-,9,T
36,37,11,F,,-,,-,,-,10,L
37,38,12,S,,-,,-,,-,11,L
38,39,13,G,,-,,-,,-,12,G
39,40,14,A,,-,,-,,-,13,M
40,41,15,V,,-,,-,,-,14,V
41,42,16,A,,-,,-,,-,15,T
42,43,17,T,,-,,-,,-,16,A
43,44,18,L,,-,,-,,-,17,A
44,45,19,A,,-,,-,,-,18,V
45,46,20,E,,-,,-,,-,19,N
46,47,21,T,,-,,-,,-,20,F
47,48,22,S,,-,3,A,,-,21,E
48,49,23,E,6,K,4,P,,-,22,D
49,50,24,W,7,W,5,W,27,W,23,W
50,51,25,S,8,K,6,K,28,I,24,H
51,52,26,P,9,T,7,A,29,A,25,P
52,53,27,P,10,R,8,P,30,P,26,Q
53,54,28,E,11,Q,9,G,31,A,27,G
54,55,29,S,12,P,10,P,32,E,28,H
55,56,30,G,13,G,11,D,33,G,29,G
56,57,31,D,14,E,12,D,34,A,30,F
57,58,32,A,15,F,13,V,35,K,31,V
58,59,33,R,16,R,14,R,36,R,32,R
59,60,34,S,17,A,15,G,37,S,33,S
60,61,35,P,18,P,16,P,38,P,34,P
61,62,36,C,19,C,17,C,39,C,35,C
62,63,37,P,20,P,18,P,40,P,36,P
63,64,38,L,21,A,19,M,41,M,37,A
64,65,39,L,22,M,20,L,42,L,38,L
65,66,40,N,23,N,21,N,43,N,39,N
66,67,41,S,24,S,22,T,44,S,40,S
67,68,42,L,25,L,23,L,45,L,41,L
68,69,43,A,26,A,24,A,46,A,42,A
69,70,44,N,27,N,25,N,47,N,43,N
70,71,45,H,28,H,26,H,48,H,44,H
71,72,46,G,29,G,27,G,49,G,45,N
72,73,47,Y,30,F,28,F,50,Y,46,V
73,74,48,L,31,I,29,L,51,L,47,L
74,75,49,P,32,P,30,P,52,P,48,P
75,76,50,H,33,R,31,H,53,R,49,R
76,77,51,D,34,D,32,D,54,D,50,D
77,78,52,G,35,G,33,G,55,G,51,G
78,79,53,K,36,R,34,K,56,N,52,R
79,80,54,N,37,N,35,N,57,A,53,N
80,81,55,I,38,I,36,I,58,I,54,Y
81,82,56,T,39,T,37,D,59,S,55,T
82,83,57,G,40,V,38,V,60,M,56,I
83,84,58,D,41,A,39,N,61,D,57,P
84,85,59,V,42,M,40,T,62,S,58,V
85,86,60,L,43,L,41,T,63,L,59,L
86,87,61,S,44,V,42,V,64,I,60,V
87,88,62,K,45,P,43,N,65,S,61,K
88,89,63,A,46,V,44,A,66,G,62,A
89,90,64,I,47,L,45,L,67,L,63,L
90,91,65,T,48,Q,46,S,68,G,64,G
91,92,66,T,49,E,47,S,69,Q,65,E
92,93,67,T,50,V,48,A,70,A,66,G
93,94,68,L,51,F,49,L,71,L,67,L
94,95,69,N,52,H,50,N,72,N,68,N
95,96,70,M,53,L,51,L,73,F,69,V
96,97,71,D,54,S,52,D,74,N,70,S
97,98,72,D,55,P,53,D,75,E,71,A
98,99,73,S,56,E,54,E,76,S,72,E
99,100,74,V,57,L,55,L,77,L,73,T
100,101,75,S,58,A,56,S,78,V,74,A
101,102,76,A,59,Q,57,R,79,R,75,T
102,103,77,A,60,T,58,D,80,T,76,A
103,104,,-,61,I,59,L,81,L,77,L
104,105,78,F,62,S,60,H,82,G,78,A
105,106,79,M,63,T,61,T,83,T,79,T
106,107,80,A,64,L,62,F,84,P,80,L
107,108,81,A,65,G,63,A,85,A,81,G
108,109,82,L,66,L,64,V,86,F,82,L
109,110,,-,67,F,65,T,87,A,83,S
110,111,,-,,-,,-,88,T,,-
111,112,,-,,-,,-,89,S,,-
112,113,,-,,-,,-,90,T,,-
113,114,,-,,-,,-,91,T,,-
114,115,,-,,-,,-,92,G,,-
115,116,,-,,-,,-,93,D,,-
116,117,,-,,-,,-,94,P,,-
117,118,83,R,68,T,66,T,,-,84,L
118,119,84,N,69,A,67,N,,-,85,S
119,120,85,S,70,Q,68,P,,-,86,K
120,121,86,I,71,D,69,Q,,-,87,D
121,122,87,T,72,P,70,P,,-,88,P
122,123,88,T,73,S,71,N,,-,89,A
123,124,89,A,74,K,72,A,,-,90,S
124,125,90,E,75,G,73,T,95,T,91,G
125,126,91,T,76,V,74,W,96,T,92,A
126,127,92,F,77,F,75,F,97,F,93,F
127,128,93,S,78,T,76,S,98,N,94,D
128,129,94,L,79,L,77,L,99,L,95,L
129,130,95,D,80,D,78,N,100,D,96,D
130,131,96,E,81,D,79,H,101,D,97,D
131,132,97,L,82,L,80,L,102,I,98,L
132,133,98,N,83,N,81,S,103,A,99,N
133,134,99,K,84,R,82,R,104,K,100,K
134,135,100,H,85,H,83,H,105,H,101,H
135,136,101,N,86,N,84,N,106,N,102,N
136,137,102,G,87,L,85,V,107,V,103,A
137,138,103,I,88,F,86,L,108,I,104,I
138,139,104,E,89,E,87,E,109,E,105,E
139,140,105,H,90,H,88,H,110,H,106,H
140,141,106,D,91,D,89,D,111,D,107,D
141,142,107,A,92,A,90,A,112,G,108,A
142,143,108,S,93,S,91,S,113,S,109,S
143,144,109,L,94,L,92,L,114,L,110,L
144,145,110,S,95,S,93,S,115,S,111,S
145,146,111,R,96,R,94,R,116,R,112,R
146,147,112,Q,97,E,95,Q,117,A,113,R
147,148,113,D,98,D,96,D,118,D,114,D
148,149,114,F,99,Y,97,A,119,F,115,F
149,150,115,Y,100,Y,98,Y,120,A,116,D
150,151,116,F,101,F,99,F,121,V,117,L
151,152,117,G,102,H,100,G,122,T,118,G
152,153,,-,103,K,,-,123,G,119,G
153,154,118,N,104,D,101,P,124,D,120,N
154,155,119,V,105,A,102,P,125,A,121,A
155,156,120,Q,106,S,103,D,126,K,122,Q
156,157,121,A,107,T,104,V,127,T,123,A
157,158,122,F,108,F,105,F,128,F,124,F
158,159,123,N,109,R,106,N,129,N,125,D
159,160,124,E,110,P,107,A,130,Q,126,R
160,161,125,T,111,E,108,A,131,S,127,E
161,162,126,I,112,V,109,V,132,V,128,T
162,163,127,F,113,F,110,F,133,W,129,F
163,164,128,N,114,K,111,N,134,D,130,Q
164,165,129,Q,115,K,112,E,135,E,131,E
165,166,130,T,116,F,113,T,136,T,132,T
166,167,131,R,117,M,114,K,137,S,133,L
167,168,132,S,118,S,115,A,138,G,134,S
168,169,133,Y,119,H,116,Y,139,Y,135,F
169,170,134,W,120,F,117,W,140,L,136,F
170,171,,-,121,K,,-,141,A,,-
171,172,,-,122,G,,-,142,E,,-
172,173,,-,123,K,,-,143,G,,-
173,174,,-,,-,,-,144,A,,-
174,175,,-,,-,,-,145,V,,-
175,176,,-,,-,,-,146,A,,-
176,177,,-,,-,,-,147,N,,-
177,178,,-,,-,,-,148,A,,-
178,179,,-,,-,,-,149,G,,-
179,180,135,T,,-,118,T,,-,137,K
180,181,,-,,-,,-,,-,138,G
181,182,,-,,-,,-,,-,139,A
182,183,136,D,,-,119,G,,-,,-
183,184,137,P,,-,120,D,,-,,-
184,185,138,V,124,E,,-,,-,140,T
185,186,139,T,125,Y,121,I,150,R,141,N
186,187,140,I,126,V,122,I,151,V,142,V
187,188,141,D,127,T,123,N,152,D,143,G
188,189,142,I,128,L,124,F,153,V,144,I
189,190,143,H,129,E,125,Q,154,A,145,E
190,191,144,Q,130,D,126,M,155,T,146,D
191,192,145,A,131,A,127,A,156,M,147,V
192,193,146,A,132,A,128,A,157,A,148,A
193,194,147,N,133,S,129,N,158,A,149,A
194,195,148,A,134,A,130,A,159,A,150,A
195,196,149,R,135,R,131,L,160,R,151,R
196,197,150,N,136,Y,132,T,161,S,152,W
197,198,151,A,137,A,133,A,162,K,153,G
198,199,152,R,138,M,134,R,163,R,154,R
199,200,153,I,139,V,135,L,164,I,155,I
200,201,154,E,140,Q,136,M,165,A,156,Q
201,202,155,T,141,E,137,T,166,T,157,S
202,203,156,S,142,S,138,S,167,A,158,S
203,204,157,K,143,R,139,N,168,Q,159,K
204,205,158,A,144,K,140,L,169,A,160,A
205,206,159,T,145,K,141,T,170,T,161,Q
206,207,160,N,146,N,142,N,171,N,162,N
207,208,161,P,147,P,143,P,172,P,163,S
208,209,162,T,148,T,144,E,173,S,164,K
209,210,163,Y,149,F,145,F,174,F,165,F
210,211,164,N,150,T,146,S,175,G,166,V
211,212,165,E,151,Y,147,M,176,L,167,Y
212,213,166,T,152,T,148,S,177,T,168,G
213,214,167,A,153,V,149,Q,178,S,169,A
214,215,168,V,154,Q,150,L,179,S,170,N
215,216,169,N,155,Q,151,G,180,Q,171,Q
216,217,170,R,156,R,152,R,181,V,172,T
217,218,,-,157,I,153,G,182,T,173,F
218,219,171,A,158,T,154,F,183,V,174,P
219,220,172,S,159,S,155,G,184,S,175,T
220,221,173,A,160,Y,156,L,185,L,176,Y
221,222,174,L,161,G,157,G,186,G,177,F
222,223,175,E,162,E,158,E,187,E,178,E
223,224,176,T,163,T,159,T,188,S,179,S
224,225,177,A,164,I,160,V,189,A,180,S
225,226,178,A,165,K,161,C,190,V,181,A
226,227,179,Y,166,Y,162,Y,191,I,182,Y
227,228,180,I,167,F,163,V,192,L,183,F
228,229,181,L,168,R,164,T,193,G,184,Q
229,230,182,S,169,T,165,I,194,T,185,L
230,231,183,F,170,I,166,L,195,L,186,F
231,232,,-,171,V,,-,,-,,-
232,233,,-,172,E,,-,,-,,-
233,234,,-,173,P,,-,,-,,-
234,235,,-,174,A,,-,,-,,-
235,236,,-,175,T,,-,,-,,-
236,237,,-,176,G,,-,,-,,-
237,238,184,G,,-,167,G,196,G,187,K
238,239,,-,,-,,-,197,G,,-
239,240,185,D,,-,168,S,198,S,188,D
240,241,186,K,,-,169,K,199,F,189,P
241,242,187,V,,-,170,E,200,T,190,K
242,243,188,T,,-,171,T,201,S,191,T
243,244,189,G,,-,172,R,202,P,192,N
244,245,190,S,177,K,173,T,203,A,193,K
245,246,191,V,178,C,174,V,204,A,194,A
246,247,192,P,179,P,175,P,205,P,195,S
247,248,193,K,180,V,176,K,206,L,196,V
248,249,194,A,181,A,177,A,207,D,197,E
249,250,195,F,182,W,178,F,208,W,198,W
250,251,196,V,183,I,179,V,209,M,199,I
251,252,197,E,184,K,180,E,210,K,200,K
252,253,198,Y,185,I,181,Y,211,I,201,V
253,254,199,F,186,L,182,L,212,V,202,F
254,255,200,F,187,F,183,F,213,F,203,F
255,256,201,E,188,E,184,E,214,E,204,E
256,257,202,N,189,Q,185,N,215,E,205,Q
257,258,203,E,190,E,186,E,216,E,206,E
258,259,204,R,191,R,187,R,217,R,207,R
259,260,205,L,192,L,188,L,218,L,208,M
260,261,206,P,193,P,189,P,219,P,209,P
261,262,207,F,194,Y,190,Y,220,F,210,W
262,263,208,H,195,N,191,E,221,D,211,K
263,264,209,L,196,E,192,L,222,E,212,E
264,265,210,G,197,G,193,G,223,G,213,G
265,266,211,W,198,W,194,F,224,F,214,W
266,267,212,Y,199,R,195,K,225,S,215,R
267,268,213,K,200,P,196,K,226,T,216,P
268,269,214,S,201,P,197,M,227,S,217,S
269,270,215,A,202,K,198,K,228,P,218,I
270,271,216,E,203,A,199,S,229,A,219,N
271,272,217,S,204,E,200,A,230,V,220,R
272,273,218,I,205,L,201,L,231,I,221,I
273,274,219,S,206,S,202,T,232,T,222,D
274,275,220,F,207,G,203,E,233,T,223,G
275,276,221,A,208,F,204,D,234,A,224,F
276,277,222,D,209,S,205,E,235,E,225,S
277,278,223,F,210,M,206,L,236,V,226,I
278,279,224,Q,211,A,207,T,237,L,227,A
279,280,225,N,212,S,208,T,238,A,228,Q
280,281,226,M,213,D,209,M,239,L,229,T
281,282,227,S,214,V,210,M,240,S,230,T
282,283,228,T,215,L,211,G,241,Q,231,L
283,284,229,R,216,E,212,E,242,S,232,Q
284,285,230,V,217,L,213,I,243,I,233,L
285,286,231,S,218,A,214,Y,244,A,234,A
286,287,232,Q,219,L,215,S,245,T,235,L
287,288,233,A,220,V,216,L,246,S,236,H
288,289,,-,,-,,-,247,S,,-
289,290,,-,,-,,-,248,S,,-
290,291,234,G,221,T,217,Q,,-,237,S
291,292,235,S,222,P,218,H,,-,238,P
292,293,236,Q,223,E,219,L,,-,239,E
293,294,,-,224,K,,-,,-,240,K
294,295,,-,225,L,,-,,-,241,L
295,296,,-,226,I,,-,,-,,-
296,297,,-,227,D,,-,,-,,-
297,298,237,S,,-,220,P,,-,,-
298,299,238,P,,-,221,E,,-,,-
299,300,,-,,-,222,S,,-,,-
300,301,,-,,-,223,F,,-,,-
301,302,,-,,-,224,T,,-,,-
302,303,239,R,,-,,-,,-,,-
303,304,240,A,,-,,-,,-,,-
304,305,241,I,,-,,-,,-,,-
305,306,242,E,,-,,-,,-,,-
306,307,243,L,,-,,-,,-,,-
